num,date,mos,mean_temp,min_temp,max_temp,rain,wind,hum,atm,sun,cloud,g_temp,b_eva,s_eva
1,2015-05-01,2783,21,15.9,27.2,,2.5,58.8,1003.3,22.1,0,25.1,3.5,5.2
2,2015-05-02,2783,20.7,15.8,26,0.5,2.1,64.4,1001.7,15.2,7.1,23.7,1.6,2.8
3,2015-05-03,2998,18.3,17.1,19.6,3.5,2.1,90.4,997.2,5.3,8.9,19.7,0.3,0.6
4,2015-05-04,3392,16.1,12.5,20.1,,4.2,45.9,998.9,24.2,1.6,21.2,5.1,6.1
5,2015-05-05,3137,14.2,8.3,19.9,,3.4,37.9,1001.3,25.1,0.1,20.6,4.6,5.7
6,2015-05-06,2849,15.4,9.8,22,,2.4,36.3,1001.6,16.2,6.8,18.5,4.1,4.8
7,2015-05-07,2819,16.5,10.6,24,,2.6,35.6,1002.3,18.9,6,22.4,3.4,5
8,2015-05-08,2926,16.7,11.7,22.7,,2.5,64.3,1002.8,14.5,8.6,21.8,2.5,3
9,2015-05-09,-,17.6,12.6,24,,3,55,1002.7,21.6,4.6,25.1,4,6
10,2015-05-10,-,19.1,13.5,25.9,,2.3,39.6,1006.7,23.4,2.6,25.9,4.6,5.7
11,2015-05-11,-,18.4,14.4,24.1,14,3,62.1,999.2,13.3,8,23.3,1.5,1.8
12,2015-05-12,1713,13.3,10.3,17.5,9.5,6.4,75.9,989.6,12.8,7.4,16.7,2.1,2.8
13,2015-05-13,2323,17.4,11.8,21.4,0,5.3,56.9,993.6,23.4,1.8,19.3,3.7,5.3
14,2015-05-14,5430,20.4,15.3,26.6,,3.3,63.8,996.7,19.2,4.8,22.7,2.7,4.5
15,2015-05-15,8425,19.1,16.3,23.7,,2.7,71,998.7,10.6,6.3,19.8,2.1,2.6
16,2015-05-16,3935,18,11.6,25.2,,3,41.3,1000.1,25.6,0.4,23,4.1,6.1
17,2015-05-17,6276,18.6,11.7,25.2,,2.2,40.4,1000.5,21.2,4.8,22.6,4.8,6
18,2015-05-18,7851,17.7,13.7,22.2,,3.2,53.9,994.9,13.6,8.4,20.1,2.3,3.2
19,2015-05-19,10366,14.8,13,16.2,1,3.6,88.9,996,3.3,9.4,16.7,0.1,0.2
20,2015-05-20,2926,16.3,10.6,21.9,,3.1,60,998.5,24.9,2,22.1,3.8,5.2
21,2015-05-21,16089,18.7,12.6,26,,3.7,50.1,1003.2,24.6,2.5,25,5.1,6.2
22,2015-05-22,3450,20,13.7,27.2,,2.9,45.3,1003.6,24.5,2.9,26.6,5.4,6.5
23,2015-05-23,3479,20.6,13.6,28.3,,2.5,38.5,1001,23.7,1.9,26.2,5,6.4
24,2015-05-24,10082,21,14,28.5,,2.4,37.3,998.5,25.6,0,28.9,4.6,6
25,2015-05-25,10540,20.8,14.4,28.7,,2.7,53.1,998.9,24.4,0,29.1,5.3,6.4
26,2015-05-26,5488,21.5,14.1,30.3,,2.7,48.9,1001.4,25.5,0.1,29.8,4.3,6.8
27,2015-05-27,4262,23.2,14.4,31.5,,2,32.9,1000,25.8,2,31,6,7.3
28,2015-05-28,4636,24.3,16.7,32.2,,2.2,27.1,998.7,23.3,2.8,30.6,5.5,6.7
29,2015-05-29,16214,23.8,18.5,29.8,,2.5,36.8,997.2,18.4,7.3,30.4,4.5,5.4
30,2015-05-30,5448,19.8,17,23.2,0.4,2.9,71,995.3,9.2,6.1,21.3,2.1,2.7
31,2015-05-31,5350,22.1,15.3,30.4,,2.2,52.8,998,23.7,3,29.7,5.9,6.3
32,2015-06-01,10706,21.7,15.8,28.5,,2.6,44.6,1000,20,5.6,26.9,4.9,5.6
33,2015-06-02,4828,23.1,18.1,29.8,,2.7,46.9,997.9,21.9,7.8,29.9,5,6.6
34,2015-06-03,4857,23.3,17.1,29.4,,3.8,33.3,997.4,26.6,2.6,31.6,7.3,8.5
35,2015-06-04,3269,24.2,17.1,31.5,,2.6,28.9,999.4,,4.6,32,5.5,6.4
36,2015-06-05,3304,19.1,17.5,22,1,1.7,58.8,996.8,5.9,9.3,19.6,0.5,1.2
37,2015-06-06,3455,22.4,16.4,28.9,,2.3,50.4,1001.9,23.1,3.5,29.8,3.3,6.2
38,2015-06-07,3721,23.4,18.7,31.5,,2.3,46.8,1003.1,20.5,3.4,30.2,4.9,6.4
39,2015-06-08,3440,22.4,18.2,27.8,,2.3,54.9,997.5,14.7,7.9,28.3,3.7,4.3
40,2015-06-09,3466,22.2,18.8,28.1,,2.9,66.3,997.1,19.7,4.1,27.9,4.1,5.9
41,2015-06-10,3161,25.3,17.6,34.9,,2.2,54.3,997.5,23.5,2.6,33.9,5.5,7
42,2015-06-11,3713,24.6,20.7,30.2,7.5,2.8,59.6,991.9,11.5,7.3,27.9,3.6,4.1
43,2015-06-12,3399,23.6,19.4,29.9,0.5,3.8,63.1,993.3,22.5,5.8,27.5,3.5,5.3
44,2015-06-13,4172,24.7,20.1,30.9,0.5,3.2,61.9,994.9,16.8,7.1,26.8,2.7,4.4
45,2015-06-14,5474,22.8,17.8,27.7,15.5,2.7,70.3,997.5,19.5,5.3,26.6,3.9,4.7
46,2015-06-15,4680,24.2,19.6,30.6,,2.2,65.6,997.1,18.6,6.3,26.4,3.8,4.8
47,2015-06-16,4599,25,20,30.9,,2.4,65.9,995.1,21.1,4.6,28.8,3.6,4.9
48,2015-06-17,4662,23.4,20.2,30.8,9.5,2.6,72.8,994.5,15.3,5.4,26.2,2.7,3
49,2015-06-18,4421,24.8,19.6,31.3,3,2.7,59.4,995.9,20.2,7.1,25.7,3.6,5.9
50,2015-06-19,3577,24.5,20,29.9,,2.9,57.8,998.2,18.9,5.8,25.6,4,4.6
51,2015-06-20,4412,19.6,17,22.6,44.5,1.8,91,999.1,3.3,7.5,20.5,0.1,0.2
52,2015-06-21,3039,22.4,15.6,29.6,,2,69.1,999.9,23.2,0.9,25.5,3.8,5
53,2015-06-22,4497,24,19.4,29.1,,2.4,60.4,999.9,21.9,3.8,26.5,2.4,5.2
54,2015-06-23,6747,24.7,19.7,31,,2.3,64.1,1000.6,20.8,2.9,27.4,4.4,5.2
55,2015-06-24,4712,25.7,21.1,30.6,,2.5,58.3,998.6,18,6.1,27.6,4.1,5.2
56,2015-06-25,4104,24.8,21,29.1,2,2.1,65.1,993.4,11.9,8.9,27.3,2,2.2
57,2015-06-26,5243,21,18,25.3,12.5,3.3,75.8,988.4,10.4,9.6,22.6,2.2,2.7
58,2015-06-27,4730,25.2,19.2,31.1,,2.2,55.3,996.1,26.2,3.1,27.5,5.3,5.8
59,2015-06-28,5286,25.4,21,31.1,,2.6,61.8,999.3,23.3,3,28.3,2.3,5.4
60,2015-06-29,7108,25.7,21.2,30.6,0,2.8,61.8,996.8,22.5,6.8,29.7,4.8,5.2
61,2015-06-30,7146,24.4,21.9,29.2,2.5,1.7,70,988.7,8.5,9.1,25,1.9,2.1
62,2015-07-01,8700,23.7,21,27.9,0.5,3.8,66.3,985.8,23,4.4,28.3,3,5.8
63,2015-07-02,9520,23.7,20.4,29.3,,4,64.5,991.2,20.6,4.6,28.3,3.1,5.6
64,2015-07-03,11659,23.3,19.2,28.3,,3,62.6,995.4,22.5,2.1,28.2,7.6,8
65,2015-07-04,8229,24.1,18.2,29.9,,2.2,55.8,999.1,20.9,1.9,29.7,4.3,5.3
66,2015-07-05,7150,24.2,20.1,29.6,,2.3,57.4,1000.9,18.2,5.1,27.7,3.8,4.8
67,2015-07-06,8613,25.3,20.2,32.5,,2.2,54.3,1001.1,20.4,3.9,30.9,4.5,5.3
68,2015-07-07,8141,25.6,21.4,29.7,,2,52.1,1000.1,14.8,7.6,29.7,2.7,3.1
69,2015-07-08,6335,23.4,20.7,26.3,0.5,4,69.8,1001.6,12.4,9.4,26.1,2.3,3
70,2015-07-09,7024,26.5,22.1,31.8,,2.9,61.3,1004.2,14.1,6.8,29.3,2.1,3.8
71,2015-07-10,7240,29.2,23.6,34.3,,1.9,60.9,1002.9,18,5.6,33.2,5.5,6.4
72,2015-07-11,6338,30.4,25.7,36,0,2.1,60.3,999,18,7.5,34.9,3.9,4
73,2015-07-12,5818,24.8,24,28,29,4,94.1,986,4.8,10,25.9,0,0
74,2015-07-13,6278,23.1,21.4,24.9,10,5.2,90.8,983.3,3.5,9.5,23.6,1.3,1.9
75,2015-07-14,6505,26.1,22.5,31.4,,3.5,72.4,993.3,20.5,5,27,3.2,4.8
76,2015-07-15,6136,27.9,22.7,33.9,,2.9,58.8,996.4,19.5,3.3,28.7,4.6,5.5
77,2015-07-16,4380,24.7,20.6,28.9,,5,51.3,997.4,21,3.9,27.8,5.4,5.7
78,2015-07-17,4200,23.6,18.4,28.6,,3.6,49.8,996.5,18.7,6.1,26.8,4.4,5.5
79,2015-07-18,5005,24.3,22.3,27.8,0.5,2.2,63.5,999.2,8.9,9.9,27.7,0.7,0.9
80,2015-07-19,5225,25.1,21.3,29.8,5,1.8,77.4,1000.9,12.7,8.6,26.2,3,3.1
81,2015-07-20,-,27.5,24.4,31.2,,2.4,71.4,998.9,10.5,8.5,27.2,0,0
82,2015-07-21,5753,27,24.6,29.6,11,1.6,81.6,996.7,7.5,9.5,27.2,0.7,1.9
83,2015-07-22,5426,27.7,25.3,31.7,1,1.8,76.9,996,8.6,8.5,28.6,1,1.9
84,2015-07-23,4390,26.9,24.9,32.1,16,2.1,81,996.7,8.6,9.5,27.5,0.2,0.5
85,2015-07-24,6509,24.7,22.6,25.4,26.5,2,96.9,994.8,3.8,10,26,0,0
86,2015-07-25,5340,25,24.4,26.4,80,3.2,95.1,995.7,1.9,10,25.4,0.1,0.2
87,2015-07-26,5065,26,23.5,30,40.5,2.6,85.5,998,14.1,8.4,25.4,1.5,2
88,2015-07-27,3947,26.2,24.4,30,1.5,2.3,86,998.2,9.4,8.4,25.5,1.8,2.3
89,2015-07-28,5054,27.7,24.6,31.2,0,2.7,74.4,997.9,16,7.3,28.8,2.3,2.7
90,2015-07-29,4615,26.7,24.8,28.8,4,2.6,82.9,996.4,5.5,8.4,26.2,0.4,1.1
91,2015-07-30,5203,28.6,25.5,33.1,,3.5,76.4,998,15.1,6.9,28.6,3.3,4.5
92,2015-07-31,5598,27.9,26.2,32.4,,2.7,74.3,999.1,14.9,6.6,29.3,3.3,3.8
93,2015-08-01,11746,28.2,26,31.6,,3.1,72.8,999.6,11.4,6.9,28.7,0.7,0.9
94,2015-08-02,7186,26.5,24.1,29.2,16.5,2.7,84.3,999.8,7.7,8.4,26.5,1.6,2
95,2015-08-03,8809,27.9,25.6,31.5,0,3.8,71.5,998.6,12.7,5.8,29.1,2.9,3.7
96,2015-08-04,6972,27.5,25.4,30.8,,4.5,73.3,996.7,9.8,8.5,27.2,4.9,6.6
97,2015-08-05,4902,28.6,25.9,32.7,0.1,3.7,67,998.1,15.8,6.6,29.7,3,4
98,2015-08-06,4832,29.3,24.5,34.4,,2,64.5,1001.9,21.5,3.1,31.6,5,5.3
99,2015-08-07,5335,28.9,26,34.4,11,1.4,71.3,1004.8,15.1,2.8,32.6,1.3,3.5
100,2015-08-08,5799,26.6,24.3,33,7.5,2.1,79.1,1003.5,11.7,6.5,27.2,1.2,1.6
101,2015-08-09,4441,26.7,23.3,31,,2.1,74.4,1001.1,16.8,6.6,28.4,3.8,4.2
102,2015-08-10,5086,27,23.9,32,,2.3,72.1,999.6,18.8,6.5,28.7,3.5,4.3
103,2015-08-11,5275,26.8,24.5,30.6,,2.1,73.6,997.5,11.2,6.4,27.8,1.7,2.5
104,2015-08-12,6053,27.3,22.1,32.9,,2,67.5,994.6,19.9,2,31,4,4.6
105,2015-08-13,7524,26.5,23.9,31.1,0,1.9,68.6,994.8,14.6,4.8,29.5,2.9,3.6
106,2015-08-14,8846,26.9,22.7,32.5,,2.4,66.4,995.8,18.5,3.9,30.9,3,4.2
107,2015-08-15,8844,27.1,23.1,30.8,0.1,1.9,70.4,998.1,13,4.3,29.5,2.5,2.8
108,2015-08-16,7406,25.8,20.7,31.2,29,2,74.9,997.6,9.4,8.3,29.3,0.3,1.2
109,2015-08-17,6111,26.6,19.8,32.9,,2.2,61.5,998.4,20.2,3.3,28.6,3.7,4.5
110,2015-08-18,6120,27.9,24.1,32.2,,2.5,59.9,1002.4,16.3,5.1,27.5,3.1,3.7
111,2015-08-19,5487,26.8,24.2,29.7,0,1.8,70.3,1003,9,8.6,26.9,1.6,2.1
112,2015-08-20,4602,25.4,24.2,28.1,0.4,1.7,75.5,999.2,6.4,9.6,26.4,0.1,0.2
113,2015-08-21,4799,25.2,23,29.3,2.5,2,78.3,994.7,10.4,7.1,25.8,1,2
114,2015-08-22,5413,25.5,23.4,29.6,0,2.5,69.8,995.4,14.1,6.9,26.9,3.1,4.4
115,2015-08-23,7639,26.3,20.9,31.7,,1.7,65.5,997,17.8,4.4,28.2,2.7,3.6
116,2015-08-24,7337,26.3,23.3,30.3,,3.8,60.6,997.3,12.7,6.8,27.6,3.5,4.1
117,2015-08-25,4678,21.7,19.2,24.5,5.5,3.2,76.4,992.7,4.2,9.9,22.7,0.4,0.6
118,2015-08-26,9949,21.9,18.9,25.3,0,2.9,68.4,995.6,11.4,8.5,22.3,1.8,2.8
119,2015-08-27,9093,24.7,21.2,30,0,3.1,61.1,996.9,21.8,1.9,27.3,4.7,5.2
120,2015-08-28,8316,23.2,19,28.1,0.3,1.7,69.4,998.3,12.6,5,24.7,2.5,3
121,2015-08-29,6635,24.4,19,30.8,,1.7,65.8,999,17.3,1.3,28.4,2.4,3.5
122,2015-08-30,7532,24.9,19.9,31,0,1.6,65.9,1000.7,18.1,1.3,29.4,1.9,3.9
123,2015-08-31,7674,25.9,21,31.2,,1.9,62.9,1001.7,16.2,3.8,28.8,4.8,5.5
124,2015-09-01,5831,25.9,22.6,30.7,,3.4,59.4,1000.4,16.9,7.4,28.3,3.4,4.7
125,2015-09-02,4541,23.9,22,27.7,0.5,2.1,72.8,1001.7,8.7,8.5,26.1,0.7,1.9
126,2015-09-03,4794,23.9,19.8,28.2,18,2.3,75.1,1001,16.1,4.1,25.7,3.8,4.5
127,2015-09-04,5408,24.8,20.6,30.7,,2.2,68.5,1001.9,15.1,5,25,3,3.5
128,2015-09-05,7523,21.9,19.4,23.6,5,2.1,79.8,999.1,5.1,9.4,23.5,1.1,1.9
129,2015-09-06,4481,22.2,19.3,26.2,,3.7,60.4,997.9,14.4,4.8,22.8,3,3.4
130,2015-09-07,4242,22.6,16.8,28.7,,2.4,52.9,1002.8,20.4,0.5,23.5,4.5,4.6
131,2015-09-08,4475,22.7,16.2,28.9,,3.2,43.6,1006.1,21.4,0,25.2,5,5.4
132,2015-09-09,3880,22.4,15.3,30.1,,2.9,42.9,1006.5,20.5,0.4,25.8,2.9,4.7
133,2015-09-10,3629,22.4,17,28.4,,2.4,62.3,1004,19.7,0.9,26.8,3.6,4
134,2015-09-11,3675,21,16.8,24.4,2.5,2.1,76.4,1000.2,7.4,9.3,23.4,0.5,0.9
135,2015-09-12,4924,19.2,15.5,24,,1.9,60.4,999.8,11.8,7.9,22.4,1.8,2.6
136,2015-09-13,4670,20.2,15.2,26,,2.6,54.1,1006.7,20.1,0.5,23.9,3.5,4
137,2015-09-14,#VALUE!,22.1,16.4,27.8,,1.6,61.1,1011.3,14.4,3.6,24.3,3.3,3.9
138,2015-09-15,-,22.8,17.4,28.7,,2.2,48.5,1010.4,19,3.8,26.4,5,5.7
139,2015-09-16,3822,21.6,16,26.7,,2.5,45.5,1008,19.6,4.8,25.5,3.3,4.8
140,2015-09-17,2987,21.4,15.5,27.6,,3.1,46.4,1007.1,19.7,1.5,26.1,4.1,4.7
141,2015-09-18,3089,21.9,15.9,29.2,,2.4,52.1,1006.6,18,2.5,26.3,3,4.4
142,2015-09-19,3493,22.3,17,29,,2.4,58.3,1003.6,17.5,2.6,26.4,3.5,4.2
143,2015-09-20,3452,22.1,17.9,28.3,,2,69,1002.3,13.6,4.5,24.7,2.5,3.1
144,2015-09-21,3704,22.6,16.5,29.4,,1.5,62.1,1004.3,14.1,0.4,25.8,2.8,3
145,2015-09-22,3825,23.9,18,31,,1.8,48.4,1005.3,17.1,0.5,26.7,4.2,4.4
146,2015-09-23,4074,22,19,26.1,,1.7,57.9,1000.9,7.2,6.6,22.7,3,3.6
147,2015-09-24,3084,23.4,17.5,30.6,,1.9,56.4,997.6,16.2,3,26.5,4,4.4
148,2015-09-25,3192,23.4,19,29.8,,2.5,56.5,997.6,14.8,2.9,26.9,1.9,4.7
149,2015-09-26,3533,22.4,17.9,28,,1.8,54.5,1001.2,14.5,1.9,25.4,3.2,3.4
150,2015-09-27,3155,21.9,14.2,29.8,,1.9,39.4,1004.9,17.5,0,24.6,3.8,4.9
151,2015-09-28,3593,21.4,15.5,28.3,0,1.6,39.6,1009.4,11.2,5.8,22.2,2.9,3.4
152,2015-09-29,3842,22.1,15.9,28.2,,2.3,36.6,1013.5,17.1,3.4,25.2,3,4.7
153,2015-09-30,4161,21.3,19.4,26.2,,2.6,45.3,1010.9,9.7,8.9,24.9,1.6,1.8
154,2015-10-01,3169,16.3,10.7,19.7,35,3.6,77.5,993,1.7,8.3,17.8,1.4,1.8
155,2015-10-02,980,16.5,8.6,21.5,,3.7,53.5,1003.5,14.1,2.8,16.4,3.4,3.6
156,2015-10-03,5026,19.2,13.3,24.5,,3.8,49.4,1008.2,15.9,4.5,19.7,3.6,4.1
157,2015-10-04,2571,16.6,11.2,22.4,,1.8,38.9,1015.9,12.4,6.3,17.1,1.9,2.5
158,2015-10-05,2453,18,11,25.6,,1.9,49.4,1013.3,16.3,0.1,17.9,1.6,2.5
159,2015-10-06,1902,18.7,12.1,26.3,,1.9,57.5,1010.8,15.1,0,18.5,1.5,2.3
160,2015-10-07,2386,19.6,14.1,25.7,,1.4,67.5,1007.4,11.9,4.8,19.1,1.5,1.7
161,2015-10-08,1959,20.1,15.7,26.4,,2.3,61.1,1001.8,14.5,3.9,21.2,3.3,3.6
162,2015-10-09,1935,16.2,12.8,20.5,,3.7,43.8,1000.7,16.5,0.8,19.1,5.4,6
163,2015-10-10,1466,12.8,10.4,17.2,3.5,2.2,70.9,999.7,4.7,8.6,15.6,0.4,0.4
164,2015-10-11,560,10.8,8.1,14.4,3.5,2.4,72.6,1002.1,6,6.8,12.6,2.2,3.1
165,2015-10-12,394,12.3,8.2,17.9,,2.7,56.5,1007.1,15.2,2.3,14,1,2.8
166,2015-10-13,898,15,7.8,21.3,,2.5,66.4,1009.7,13.8,0.8,14.7,2,2.9
167,2015-10-14,1524,17.1,10.9,24.5,,1.6,64.6,1010.3,14.1,0.1,17,1.7,2.4
168,2015-10-15,1599,17.9,12.1,26.1,,1.8,62.1,1009.5,13.2,3.1,17.3,2.3,2.5
169,2015-10-16,1745,17.5,13.2,24.2,,1.8,71,1009.5,10,2.4,18.1,1.5,1.7
170,2015-10-17,1821,18.7,12.4,26.6,,1.7,64.8,1010.4,13.8,0,18.1,4,4.5
171,2015-10-18,2028,17.9,12.4,24.2,,1.3,65.1,1010,11.7,0.1,17.6,1,2.5
172,2015-10-19,2131,18.1,13.6,23.9,,2,67.4,1007.2,10.7,0.5,18.1,2,2.4
173,2015-10-20,2489,18.8,15.4,25.1,,1.6,69.5,1007,10.8,2.9,19.3,0.4,0.7
174,2015-10-21,"2,338",18.8,15.4,25.1,,1.6,69.5,1007,10.8,2.9,19.3,0.4,0.7
175,2015-10-22,"2,604",18.8,15.4,25.1,,1.6,69.5,1007,10.8,2.9,19.3,0.4,0.7
176,2015-10-23,"2,422",18.8,15.4,25.1,,1.6,69.5,1007,10.8,2.9,19.3,0.4,0.7
177,2015-10-24,"4,177",18.8,15.4,25.1,,1.6,69.5,1007,10.8,2.9,19.3,0.4,0.7
178,2015-10-25,"2,153",18.8,15.4,25.1,,1.6,69.5,1007,10.8,2.9,19.3,0.4,0.7
179,2015-10-26,"1,785",18.8,15.4,25.1,,1.6,69.5,1007,10.8,2.9,19.3,0.4,0.7
180,2015-10-27,"1,212",18.8,15.4,25.1,,1.6,69.5,1007,10.8,2.9,19.3,0.4,0.7
181,2015-10-28,252,18.8,15.4,25.1,,1.6,69.5,1007,10.8,2.9,19.3,0.4,0.7
182,2015-10-29,326,18.8,15.4,25.1,,1.6,69.5,1007,10.8,2.9,19.3,0.4,0.7
183,2015-10-30,151,18.8,15.4,25.1,,1.6,69.5,1007,10.8,2.9,19.3,0.4,0.7
184,2015-10-31,27,18.8,15.4,25.1,,1.6,69.5,1007,10.8,2.9,19.3,0.4,0.7
185,2016-05-01,-,18.8,12.2,26,,2.2,40.5,1003.5,17.1,5.6,20.2,2.8,4.4
186,2016-05-02,-,21.1,16.5,28.4,16.5,2.2,64.5,1001.1,15.9,7,24.4,0.6,1
187,2016-05-03,2123,12.9,8.9,17.6,27,4.9,86.1,984.5,1.6,10,14.8,0.4,0.9
188,2016-05-04,200,15.7,10.2,20.6,,5.1,46.6,993.6,24.9,1.6,16.6,4.5,5.6
189,2016-05-05,1965,18.9,10.2,26.9,7.5,1.7,50.8,1002.5,21.6,4.5,20,3,4.4
190,2016-05-06,2687,16.3,13,18.6,9.5,2,89.3,996.8,1.9,9.3,16.8,0.7,1
191,2016-05-07,1228,16.5,10.7,22.6,,2.6,60.3,1004,23.9,2,19.3,2.9,4.6
192,2016-05-08,2381,19.4,11.6,26.8,,2.1,44.8,1005.8,23.5,5.4,20.8,3.9,5.5
193,2016-05-09,2709,20.2,16.3,25.4,0,2,43,1000.6,17.4,8.3,23.1,3.3,4
194,2016-05-10,2182,14.5,12.5,18.1,13.5,2.3,82.4,997,4.6,9.1,16.9,0.5,0.8
195,2016-05-11,1883,16.4,10.4,23.5,,2,60.9,999.4,24.4,2,21.2,3.8,4.6
196,2016-05-12,2376,17.8,12.1,24,,2.7,62.4,1002.9,23.9,3.3,22.2,3.6,4.7
197,2016-05-13,1942,18.6,12.7,25.4,0.5,2.1,57,1009.4,24.9,3.6,24,3,4.4
198,2016-05-14,2838,20.2,15.1,26.9,,2.3,47.1,1010.9,23.8,5.5,24.7,3.9,5.8
199,2016-05-15,3341,17.4,12.3,24.2,45,2.7,73.9,999.4,12.5,9,20.1,1.3,1.5
200,2016-05-16,3673,15.9,10.8,21.9,2.5,3.2,57,999.7,24.5,3,20.6,1.2,2
201,2016-05-17,3103,19.3,10.9,26.6,,1.9,48.8,1005.7,24.7,0,23.6,2.2,4.8
202,2016-05-18,7318,22.3,13.5,29.5,,1.9,40.3,1008,25.8,0.5,26.9,6.6,7.5
203,2016-05-19,3896,24.3,16.3,31.9,,1.6,36.4,1007.2,25,0,29.6,4,5.7
204,2016-05-20,4433,24,16.8,31.6,,1.8,32,1007.2,23.5,0.6,28.4,5.5,6.2
205,2016-05-21,5112,24.1,17.8,30.4,,2,23.8,1007.9,24.1,2.6,29.3,7.1,8.5
206,2016-05-22,9818,24.7,17.6,31.7,,1.9,35,1006,24.6,2.8,30.8,3.5,5.2
207,2016-05-23,6076,23.3,18.3,29.4,,2.1,43,1002.2,17.7,7.5,28.1,3.2,4.1
208,2016-05-24,5532,16.8,15.4,21.8,38.5,2.6,82.6,996.9,7.1,7,18.5,1.8,2
209,2016-05-25,6788,19.7,15.3,24.4,,2.7,67.9,999.8,15.6,6.9,21.1,2.3,3.7
210,2016-05-26,5275,19.4,17.5,22.9,0,1.8,72,1000.5,8.3,8.1,19.4,0.8,1.3
211,2016-05-27,5975,20.9,14.8,27.1,,1.7,61.3,1001.3,20.7,7.1,23.2,2.5,4.1
212,2016-05-28,6949,21.7,17.2,28,,2.1,56.1,997.9,23.9,2.9,28.3,5.7,6.5
213,2016-05-29,6220,21.5,17.2,27.6,,2.3,56.1,994.8,20.7,4.1,27.6,3.5,4.9
214,2016-05-30,5910,22.1,16.9,28.9,,2.4,57.3,996.9,24.6,0,30.1,4,5.4
215,2016-05-31,5403,21.6,17.4,27.6,,2.5,63.6,997.4,22,2.9,27.9,4.2,5.6
216,2016-06-01,6230,23.3,17.1,29.9,,2.1,45.8,997.4,24.5,2.4,29.6,3.1,5.3
217,2016-06-02,6029,23.2,17.2,29.1,,2.4,38.3,1000,25.4,0.6,31.7,5,6
218,2016-06-03,9643,22.2,17.6,27.7,,2.2,48.1,1000.9,22.8,4,29.6,3,5.1
219,2016-06-04,7316,21.2,18.2,26.3,,1.6,51.8,999.1,11.2,7.5,25.7,2.3,3.8
220,2016-06-05,8140,24.7,17.3,32.2,,1.7,47.3,1000.5,24.4,3.5,33.7,6.5,7
221,2016-06-06,26441,23.3,20.8,28.4,0,2.3,49.1,1002.4,15.6,7.4,28,5.2,6.2
222,2016-06-07,15775,21.7,19.6,25.9,0.1,1.7,69.5,1000.3,9.4,6.8,22.8,2.1,2.9
223,2016-06-08,6958,22.1,18.2,27.7,,2.3,65.9,999.7,20.5,5.1,31.3,3.8,4.6
224,2016-06-09,7232,24.1,17.8,31.3,,2,59.5,1000.9,22.8,1.4,32.8,4.5,5.2
225,2016-06-10,6237,24.6,20.2,31.3,,2.2,60.9,1001.6,21.7,2.1,32.6,4.1,5.5
226,2016-06-11,5676,23.5,20.9,26.5,3,1.7,74.3,1000.1,7.8,8.3,25.9,0.8,1.5
227,2016-06-12,5469,23.5,19.9,26.7,1.5,2.1,79.4,995.6,10.5,8.3,25.4,1.8,2.4
228,2016-06-13,6247,23.5,19.4,29.6,,2.4,70.5,992.2,19.9,5.1,27.5,3.8,4.7
229,2016-06-14,5100,23.8,19.7,29.5,0,2.1,62.5,992.9,19.5,6,31.8,2.5,4
230,2016-06-15,4112,20.9,17.4,24.5,15.5,2.7,81.8,990.5,7.1,9,20.8,2.6,3
231,2016-06-16,3632,20.9,18.6,24.9,0,2.8,73.5,990.3,13.8,6.9,22.4,2.8,3.5
232,2016-06-17,5415,23.8,18.6,29.1,,2.5,63.1,998,22.4,2.5,28.6,3.2,5.3
233,2016-06-18,5483,24.5,20.1,29.9,,1.8,58,1001.3,22.5,1.3,31.4,4,5.3
234,2016-06-19,7859,24.1,20.3,29.3,0,1.9,64.5,998.1,18.4,4.4,30,2.5,4
235,2016-06-20,6398,24.7,19.6,30.7,,1.7,66,996.7,16.9,6.8,29.3,2.1,3.6
236,2016-06-21,6400,26,21,31.3,,1.7,60.1,996.8,16.4,6.1,30.6,4,6
237,2016-06-22,6213,24.3,20.9,30.2,30.5,2,75.1,995.5,8.6,6.4,26.2,7.7,8
238,2016-06-23,7008,24.7,19.6,29.4,0.1,2.1,71,995.9,16.5,5,26.1,2.2,2.8
239,2016-06-24,7509,23.1,21.1,25.7,3.5,2,75.8,989.7,8.8,7.3,23.4,2,2.4
240,2016-06-25,7299,22.8,19.2,26.7,,2.8,63.1,993.1,18.5,4.5,24.9,2.2,4.3
241,2016-06-26,7687,24.4,19.4,30.3,,2.7,58.4,998.7,25.6,0.8,30.5,3.9,5.8
242,2016-06-27,8328,24.4,19.9,29.5,,1.6,55.5,999.8,13.7,6.6,28.3,1.8,3
243,2016-06-28,7782,24.7,20.4,29.7,,1.8,61.1,1000.5,17.9,5,27.9,2.4,4.1
244,2016-06-29,7621,25.3,20.9,30.2,,2.2,58,1000.3,17.6,6.9,30.9,3.7,5
245,2016-06-30,7125,24.6,23,26.9,0.2,2.8,78.1,999.8,7.5,9.5,26,2,2.1
246,2016-07-01,8079,24,22,26.6,108.5,2.3,86.5,994.5,3.2,9.9,23.9,1,1.4
247,2016-07-02,6990,23.5,20.6,27.7,4,2.4,81.4,994.9,13.2,8,24.8,2.8,4.1
248,2016-07-03,10183,23.5,21.1,26.8,,1.6,70.4,999.5,12.1,6.5,23.6,2.6,3.8
249,2016-07-04,5468,21.8,20.2,24.1,29.5,3,85.1,999.4,5.1,9.1,22.3,1.1,1.5
250,2016-07-05,4824,23.1,20.2,24.8,100.5,2.8,93.6,999.6,2.2,10,22.9,0.8,1.1
251,2016-07-06,3581,22.9,20.3,26.9,0,1.9,74,1003.9,15.6,6.8,24,3.2,4.6
252,2016-07-07,4222,24,20.1,28.5,0,1.3,71.6,1004.4,15.1,7.5,24.9,3.3,4.7
253,2016-07-08,4334,27.3,21.2,32.4,,1.8,66.5,999.9,24.2,0.1,30.7,5.1,7.3
254,2016-07-09,5191,27.7,23.2,32.7,,2,64.8,996.4,24.3,3.1,34,5.4,7.7
255,2016-07-10,4574,27.9,23.2,33.1,,1.8,64.4,994.7,20.7,7.3,34.5,4.3,6.2
256,2016-07-11,5063,28.4,24.8,33.4,0,1.7,67.4,994,15.1,8.1,32.5,3.7,5.3
257,2016-07-12,5216,26.3,22.1,30.9,3,2.1,65.5,992.3,17.8,7.3,29.2,4.2,5.9
258,2016-07-13,4264,26.3,23.2,29.5,0,2.1,69,991.4,13.8,7.6,30,3.2,4.5
259,2016-07-14,4431,27.5,24,32.4,0.1,2.1,66.9,991.7,16.8,5.8,32.2,4.1,5.8
260,2016-07-15,5017,26.2,23.7,29.2,1.5,2.6,60,994.2,12.2,9.3,28.3,3.1,4.4
261,2016-07-16,4533,20.8,19.8,23.8,46.5,3.5,92.8,990.1,3.7,10,21.5,1,1.4
262,2016-07-17,6677,21.7,20.4,23.1,2.5,2.6,82.9,996.9,5,10,22.5,1.5,2.2
263,2016-07-18,3866,24.4,20.7,28.4,0.2,1.5,75.1,1000.4,14.7,5.9,25.5,3,4.3
264,2016-07-19,5044,27.1,20.9,32.4,,1.5,65.5,1001.1,20.5,3.6,29.5,4.2,6.1
265,2016-07-20,6188,28.6,24,32.9,,1.9,62.5,1002.7,15.6,5.4,30.7,3.8,5.4
266,2016-07-21,6285,28.3,24.9,32.2,,2.2,61.3,1001,15.2,6.8,31.4,3.7,5.3
267,2016-07-22,6162,29.1,25.3,34.1,,2.2,64,999.6,17.5,6.5,32.4,4.1,5.9
268,2016-07-23,13430,28.7,27.2,31.6,0.5,1.9,70.4,998.9,9.9,8.8,30.5,2.7,3.8
269,2016-07-24,5784,28,27,30.1,0.5,2,77.9,1000.5,6.6,9.6,28.1,1.8,2.5
270,2016-07-25,6949,28.4,26.4,31.4,,1.9,75.3,1000.6,9.7,6.6,30.1,2.5,3.6
271,2016-07-26,8177,28.4,25.6,31.9,,2.6,69,997.6,13.9,6.8,32.9,3.6,5.1
272,2016-07-27,8799,27.6,26.7,28.9,0.5,3.2,76.4,994.6,4.7,9.4,27.1,2,2.8
273,2016-07-28,12958,28,26.7,30.5,0.2,2.8,70.6,996.1,17.8,6.3,31.9,3.7,5.3
274,2016-07-29,7497,26.3,23.4,28.4,59.5,1.6,82.3,999,5.3,9.6,26.6,1.4,2
275,2016-07-30,6249,28.6,26.4,33,0.5,2.1,73.5,1001.1,15.3,5.9,29.6,3.4,4.8
276,2016-07-31,5928,28.9,26.6,32.8,0.2,1.6,72.1,1001.5,16.3,5.4,30.5,3.7,5.2
277,2016-08-01,5175,28.4,25.8,32.4,,1.6,72,1000.4,16.5,6.3,30.9,3.6,5.1
278,2016-08-02,7386,27.2,25,31.1,2,1.2,72.5,999.3,9,7.6,30.3,2.3,3.3
279,2016-08-03,3874,29.1,24,34.2,,1.6,65.4,999.1,19.2,4.1,32.3,4.2,6
280,2016-08-04,4986,30.7,26,35.7,,1.6,59.6,999.6,15.8,1.1,35.9,4.1,5.9
281,2016-08-05,4885,31.2,26.5,36,,1.8,60.1,999.6,17.8,1.9,35.1,4.3,6.1
282,2016-08-06,5508,30.5,26.6,34,,1.7,64.8,998.1,13.6,1.9,35.5,3.4,4.9
283,2016-08-07,3913,30.6,27,35,,1.9,56,997.3,20.7,0.9,38.3,5.2,7.5
284,2016-08-08,7906,30.5,26.4,35.5,,1.8,63.1,997.5,18.3,2.5,38.2,4.7,6.8
285,2016-08-09,7106,29.3,26.4,33.6,1,1.9,68.3,998.4,12.5,3.8,32.8,2.8,4
286,2016-08-10,13827,29.4,26.1,34.8,,1.9,66.3,999.9,17,4.4,34.5,4.1,5.9
287,2016-08-11,10661,30.5,26.1,36.4,,2,64.1,999.9,22.2,0.3,39.2,5.3,7.6
288,2016-08-12,19309,30.4,26.4,35.9,,2,68.3,997.8,19.6,1.8,37.5,4.5,6.4
289,2016-08-13,7335,30.2,26.8,35.1,,2.4,67.9,996.2,20.7,3,37.8,4.9,7.1
290,2016-08-14,8356,28.9,27.3,31.8,0.2,1.9,74,994.8,11.4,5.3,33.2,2.6,3.7
291,2016-08-15,9036,29.1,25.8,34,0,1.9,65.5,992.1,17.1,6.1,35.9,4.3,6.1
292,2016-08-16,8681,29.3,26.2,34.9,0.5,1.6,64.9,991.6,12.4,4.5,35,3.1,4.4
293,2016-08-17,6020,29.9,25.1,34.7,,1.9,60.4,993.6,17.8,3.3,36.4,4.5,6.4
294,2016-08-18,4876,29.9,26.2,34.3,,1.6,61.9,995.6,11.7,7,33.5,3.1,4.4
295,2016-08-19,4564,28.9,26.6,33.2,11.5,1.4,69.5,996.6,9.2,7.5,33.7,2.4,3.4
296,2016-08-20,4077,30.1,26.5,34.9,,1.7,59,996.4,13.7,6.9,29.6,3.6,5.1
297,2016-08-21,4238,30.7,26.9,36.6,0,2.1,57.5,996.3,18,4.4,33.8,4.8,6.8
298,2016-08-22,3222,30.7,25.8,36.3,0.4,2.1,58,996.1,18.9,3.6,35,5.1,7.3
299,2016-08-23,2783,28.3,26,33,8,2.1,68.8,996.4,10.1,5.1,29.5,2.6,3.7
300,2016-08-24,2341,29.1,26.4,32.9,0,1.8,59.1,996.9,14,5.4,29.4,3.5,5
301,2016-08-25,3232,27.1,24,32.2,4.5,1.9,70.4,995.4,11.5,7.4,28.9,3,4.3
302,2016-08-26,2816,23,19.5,28.2,20,3.6,57,999.1,17.2,4.3,23.8,5.7,8.1
303,2016-08-27,5067,23.4,16.9,29.7,0,3.1,43.3,999.5,21,4.9,25.4,5.5,7.8
304,2016-08-28,5762,21,18.3,24.5,1.5,2.6,62.5,995.8,10.2,8.3,23.7,2.8,4
305,2016-08-29,1918,22.2,17.4,27.1,,2,54.5,992.1,16.2,5.1,23.5,3.7,5.3
306,2016-08-30,2847,20.6,17.9,24.5,0,3.3,60.4,982.4,12,6.1,23.1,3.2,4.5
307,2016-08-31,1848,17.7,16.1,19.2,17.5,3.8,85.3,981,3,8.4,18.1,1,1.4
308,2016-09-01,1973,23.2,15.8,28.6,,3.1,71.3,990.5,13.8,2.9,21.8,3.9,5.5
309,2016-09-02,3339,24.2,20.6,29,4.5,2.7,68.5,996.8,16.8,6.5,25.5,3.7,5.3
310,2016-09-03,3718,23.9,20.4,28.6,0.5,1.8,73.8,998.8,8.9,6.1,25,2,2.9
311,2016-09-04,4083,25.6,22.1,29.6,,1.5,71.3,1001,10.3,7.3,26,2.4,3.5
312,2016-09-05,4148,26.4,23,31.1,,1.7,66.1,999.7,14.2,5.4,28.6,3.3,4.8
313,2016-09-06,4383,24.7,21,29,,1.8,69,999,14,4.4,26.5,3.1,4.4
314,2016-09-07,3511,24.3,20.9,28.6,,1.8,69.8,996.3,9.9,6.9,27,2.4,3.5
315,2016-09-08,5339,23,21.5,26.5,4.5,1.3,76.4,996.9,8.3,8.1,23.3,1.7,2.5
316,2016-09-09,6994,23.9,19.7,29.3,,1.8,71.1,999.8,15.3,4.4,25.5,3.5,4.9
317,2016-09-10,4622,24.4,20,29.1,,1.6,65.4,1002.2,13,6.3,26.4,2.7,3.9
318,2016-09-11,8553,24.5,22.1,28.2,,1.7,66.3,1004.6,9.8,7.1,25.6,2.4,3.4
319,2016-09-12,6065,23.4,21.4,27.5,2.5,1.9,68.9,1006.4,9.2,4.5,23.6,2.4,3.4
320,2016-09-13,7599,24.6,19.6,30.8,,1.8,62.5,1007.8,15.7,3.8,25.6,3.4,4.9
321,2016-09-14,6871,24.6,21.4,28.9,,1.8,66.1,1007.4,11.9,5,27.8,2.7,3.9
322,2016-09-15,5432,23.9,18.8,29.5,,1.3,68.1,1006.4,13.6,7.6,26.5,2.8,4.1
323,2016-09-16,5545,24.6,20.4,29.5,,1.5,64.9,1004.6,11.9,9.3,26.4,2.8,3.9
324,2016-09-17,-,23.1,18.5,28.2,7,2.9,64.8,1001.5,13.5,4.9,23.1,4.1,5.9
325,2016-09-18,-,23.5,20.2,28.3,,3.1,53.4,1001.7,15.3,5.4,24.7,4.3,6.1
326,2016-09-19,-,21.9,18.2,27.8,,3.5,53.3,1003.1,16.1,1.4,25.7,4.7,6.7
327,2016-09-20,6457,20.6,15.4,26.8,,3.1,41.1,1007,19.2,1.1,24.8,5.2,7.4
328,2016-09-21,5300,20.2,14.3,25.3,,2,43.4,1011,15.5,5.6,22.9,3.9,5.6
329,2016-09-22,10302,21.9,17.5,27.2,,1.8,46.3,1008.2,15.2,3.9,26,3.4,4.9
330,2016-09-23,9935,21.4,16.4,27.9,,1.6,57.9,1007,14.3,2.6,24.6,3.1,4.4
331,2016-09-24,11616,22.3,16.5,28.9,,1.6,60.6,1006.2,14.6,3.3,25.5,3.1,4.4
332,2016-09-25,11464,23,18.6,29.7,,1.2,57.6,1006.7,12.7,6.8,26.6,3,4.3
333,2016-09-26,12566,23.6,19.7,28.9,,1.8,59.1,1006.1,11.5,5.4,26.2,2.9,4.1
334,2016-09-27,12727,21,19.1,23.8,13.5,1.3,82.5,1006.3,2.8,9.6,21.5,0.7,1
335,2016-09-28,3531,19.9,18.7,21.8,0.5,1.3,84.6,1005.2,3.6,10,20.7,1.2,1.8
336,2016-09-29,3384,20.4,18.2,24.8,,3,64.4,1006.2,12.6,8.4,21.3,2.9,4.2
337,2016-09-30,4333,20.5,17.7,23.5,,1.6,66.9,1005.3,7.7,8.8,20.9,1.6,2.3
338,2016-10-01,4316,21.1,17.5,25.6,,1.2,69,1007.7,10.1,7.8,21.8,2,2.9
339,2016-10-02,4033,19,16.7,22.4,18.5,2.7,84.1,1003.7,2.6,9.8,18.6,1,1.4
340,2016-10-03,19458,22.7,19.6,27.9,6.5,2.7,73.3,999.9,14.5,4,23.6,3.1,4.4
341,2016-10-04,16871,22,15.6,29,,2.4,58.9,1004.9,16.9,0.9,22.4,4.6,6.6
342,2016-10-05,4161,21.1,17.5,27.2,,3,61.9,1001,11.6,3.4,22.1,3.1,4.4
343,2016-10-06,3996,18,13.6,23.5,,2.6,59.3,1010.9,15.5,2.8,21,3.6,5.1
344,2016-10-07,3289,19.7,16.5,24.8,2,2.6,67.8,1009.4,9.3,8.8,21.9,2.1,2.9
345,2016-10-08,2976,16.8,10.3,21.8,6,2.9,66.4,1002.5,12.1,5.5,18,3.3,4.8
346,2016-10-09,1066,11.3,6.5,16.6,,2.9,46.3,1009.8,16.5,3.3,14.6,3.4,4.9
347,2016-10-10,1076,14,7.4,21.4,,1.6,43.3,1010.7,15.3,4.4,16.3,2.9,4.2
348,2016-10-11,1582,15.4,10,21.1,,1.8,62.4,1010.1,11.5,6,16.5,2.4,3.4
349,2016-10-12,2632,15.5,11.4,20.7,,2,57,1012,14,3.3,18,3.1,4.5
350,2016-10-13,1967,15.2,9.3,21.9,,1.4,44.1,1013,13.2,3.8,17.2,3,4.2
351,2016-10-14,1628,16.7,10.5,23.5,,1.3,61.8,1015,11.8,0,17.2,2.3,3.2
352,2016-10-15,1922,19.1,12.4,27.1,,1.3,60.6,1014.9,12.6,4.1,19.6,2.6,3.7
353,2016-10-16,2728,17.2,15.4,19.5,1.5,1.5,74.1,1009.2,3.1,9.4,16.5,0.9,1.3
354,2016-10-17,1999,17.5,14.5,21.7,,1.4,76.1,1007.9,9.5,6.1,18.2,1.8,2.6
355,2016-10-18,2381,17,11.2,24,,1.4,70.9,1009.8,12.2,3,17.7,2.4,3.5
356,2016-10-19,2586,18,14,24.3,,1.5,67.6,1008,11.8,1.3,18.9,2.4,3.4
357,2016-10-20,2257,18.6,12.9,25.8,,1.8,61.3,1009,12.6,1.6,19.4,3.5,5
358,2016-10-21,"4,279",18.6,12.9,25.8,,1.8,61.3,1009,12.6,1.6,19.4,3.5,5
359,2016-10-22,"3,909",18.6,12.9,25.8,,1.8,61.3,1009,12.6,1.6,19.4,3.5,5
360,2016-10-23,"3,590",18.6,12.9,25.8,,1.8,61.3,1009,12.6,1.6,19.4,3.5,5
361,2016-10-24,920,18.6,12.9,25.8,,1.8,61.3,1009,12.6,1.6,19.4,3.5,5
362,2016-10-25,"2,878",18.6,12.9,25.8,,1.8,61.3,1009,12.6,1.6,19.4,3.5,5
363,2016-10-26,"1,164",18.6,12.9,25.8,,1.8,61.3,1009,12.6,1.6,19.4,3.5,5
364,2016-10-27,"1,120",18.6,12.9,25.8,,1.8,61.3,1009,12.6,1.6,19.4,3.5,5
365,2016-10-28,"2,305",18.6,12.9,25.8,,1.8,61.3,1009,12.6,1.6,19.4,3.5,5
366,2016-10-29,947,18.6,12.9,25.8,,1.8,61.3,1009,12.6,1.6,19.4,3.5,5
367,2016-10-30,57,18.6,12.9,25.8,,1.8,61.3,1009,12.6,1.6,19.4,3.5,5
368,2016-10-31,190,18.6,12.9,25.8,,1.8,61.3,1009,12.6,1.6,19.4,3.5,5
369,2017-05-01,1057,20.1,12.8,28.3,,1.9,50.8,1005.9,24.3,0,25.8,5.6,8
370,2017-05-02,1347,20.7,15.2,28,,2.1,42,1011.1,20.2,3.1,25.4,5,7.2
371,2017-05-03,1249,21.5,14.5,30.2,,2,34.1,1010.5,24.1,0,27.2,6.2,8.9
372,2017-05-04,1284,21,14.8,27.5,,2,43.6,1006,17.9,7.4,25.4,4.6,6.6
373,2017-05-05,1187,20.9,15.5,27,,3.2,53.4,1003.4,23.4,5.1,28.4,5.8,8.3
374,2017-05-06,1208,14.9,10,19.3,,3.8,32,1005,25.2,0.9,22.3,6,8.6
375,2017-05-07,969,16.6,10.9,22.8,,3.2,42.6,1003.5,25.9,0.5,23.6,6.5,9.3
376,2017-05-08,1115,17.9,11.1,23.5,,2.1,43.6,1003.6,16.9,7.3,21.7,3.7,5.3
377,2017-05-09,1415,17.1,15.3,22.6,2.5,1.6,62.6,1000.5,8.3,9.4,19.7,2,2.9
378,2017-05-10,1287,16.4,14.2,20.8,2.5,2.5,73,999.6,15.3,6.9,18.4,2.8,4
379,2017-05-11,1304,19.3,13.1,24.8,0,1.8,65.3,1001.1,16.7,7.6,21.6,3.3,4.7
380,2017-05-12,2064,19.1,16.8,21.1,,2.1,71.6,998.7,5.6,8,17.6,1.6,2.3
381,2017-05-13,1876,16.4,12.4,22.6,6,3.1,77.8,995.6,8.4,6.8,17.2,2.3,3.3
382,2017-05-14,1330,15.7,11,20.7,,3.7,58.3,999.2,27.7,0.6,19.9,5.7,8.2
383,2017-05-15,2047,16,12.3,20.1,0,2.8,61.4,1001.5,17.5,5.5,20.7,3.2,4.5
384,2017-05-16,1974,17.1,13.3,22.3,,2,60.5,1000.6,16.8,6.4,22,3.3,4.7
385,2017-05-17,2031,18.6,12.3,25.9,,2.1,51.5,1001.1,26.5,0.6,25.8,5.7,8.2
386,2017-05-18,2228,20.4,13.9,26.9,,2.3,41.9,1005.5,24.4,1.5,27.2,5.7,8.2
387,2017-05-19,2025,21.1,15.1,27.9,,2.6,42.6,1006.7,26.7,0,28.9,7,9.9
388,2017-05-20,2086,20.9,15.4,27.3,,2.4,44,1005.7,24.2,5.1,27.8,5.7,8.2
389,2017-05-21,2116,21.5,16,27.6,,2.3,48.1,1004.9,26.6,2.8,30.6,6.3,9
390,2017-05-22,2064,21.8,15.9,28,,2,53.6,1003.8,22.3,2.8,29,4.8,6.9
391,2017-05-23,2099,20,17.2,24.4,5,1.9,68,1000.6,11.7,9.1,23.6,2.8,4
392,2017-05-24,1882,21.8,16.9,27.8,0.1,2,60.4,998,25,2.9,27,5.3,7.5
393,2017-05-25,3017,19.2,14.4,24.4,,3.4,45.6,994.9,24.3,0.9,25.9,6.6,9.4
394,2017-05-26,1921,17.7,12.4,23.2,,2.9,41.5,997.7,25.3,1.9,26.1,5.3,7.6
395,2017-05-27,2161,19.5,13.7,26.4,,2.2,46.1,1001.7,27,0.1,28.4,6.1,8.8
396,2017-05-28,2142,21.2,14.4,27.9,,2.7,50.6,1001.4,23.6,1,28.3,5.3,7.6
397,2017-05-29,2293,22.9,18.1,29.3,,2.3,61.8,1001.7,22.3,4.6,29.8,5,7.2
398,2017-05-30,2520,23.6,18.6,30.3,,2.4,43.5,999.4,21.3,6,29.1,6.6,9.4
399,2017-05-31,2131,23.3,17.7,29.6,,1.9,49.1,992.9,20.1,5.4,30.7,4.6,6.6
400,2017-06-01,2081,23.3,20,27,,3.1,51.8,989.2,21.8,4.3,31.4,6.4,9.1
401,2017-06-02,2317,20.5,15.5,25.6,0,2.8,37.4,994,25.7,3.1,29.1,6.7,9.6
402,2017-06-03,1948,20.5,16.1,26.5,,3,44,997.5,27.9,1.9,31.2,6.4,9.1
403,2017-06-04,2043,21.7,15.1,28.1,,2.6,36.9,1001.4,27.5,1.8,30.3,7.5,10.7
404,2017-06-05,2206,24.2,16.4,30.3,0,1.9,33.3,1004.5,26.6,4.9,32.8,6.8,9.7
405,2017-06-06,2360,19.4,14.5,23.9,15.5,2.5,60,1002.6,7.4,9.8,21.6,1.9,2.7
406,2017-06-07,1292,17.6,15.1,19.2,12.5,2.4,91.4,994.7,3.5,8.8,17.8,1.3,1.8
407,2017-06-08,1722,20.1,15.1,25.9,,2.8,67.3,999.7,25.6,3.9,23.1,4.8,6.8
408,2017-06-09,2427,21.2,17.9,25.7,0.1,3.3,69.8,996.8,16.7,6.9,23.8,3.5,5
409,2017-06-10,2442,21.5,16.7,27.5,4.5,2.3,46.8,996.9,24.3,6.9,22.4,6.7,9.5
410,2017-06-11,2613,22.8,14.8,29.6,,2.2,33.8,998.3,28.5,1,26.8,7.9,11.3
411,2017-06-12,2792,22.1,17,28,,2.8,45.5,1004.1,24.2,4.9,27,5.3,7.5
412,2017-06-13,2697,21.5,18.3,25.9,0,2.4,63,1004.1,21.3,7,28.7,4.5,6.4
413,2017-06-14,2558,21.8,17.8,26.8,,2.8,63,1000.8,25.3,1.6,30.1,5.2,7.5
414,2017-06-15,2986,23.1,18,29.6,,2.5,62.4,998.1,24.8,1.5,30.5,5.7,8.1
415,2017-06-16,3272,25.5,20,32.7,,2.2,55.8,999.3,24.1,1.3,32.5,5.6,8
416,2017-06-17,3714,24.2,20.6,29.9,,2.4,52.3,1000.5,24.5,0,32.2,5.6,8.1
417,2017-06-18,3480,24.3,18.6,31.8,,2.3,52,1000.2,26,0.8,32.4,6.2,8.8
418,2017-06-19,3947,24.8,19.5,30.2,,1.8,50.9,999.4,21,5.6,30.4,5.2,7.4
419,2017-06-20,3931,26,20,32.7,0,2.1,43.4,995,18.8,6.6,30.3,5.4,7.8
420,2017-06-21,3969,25.4,21.7,31.6,0,2.9,52.6,995.6,23.5,3,34,5.9,8.5
421,2017-06-22,4069,25.3,21.2,30.4,,2.5,57.3,998.7,23.5,3.9,34.8,5.7,8.2
422,2017-06-23,4666,26.7,21.3,34.1,,2,53,996.2,22.8,4.1,34.6,5.4,7.8
423,2017-06-24,5131,24.5,21.5,27.8,3.5,1.2,60.4,993.3,7.2,9.5,26.3,2,2.8
424,2017-06-25,4714,23.8,21,28.4,1.5,1.5,75.4,992.6,13,7.1,24.4,2.5,3.6
425,2017-06-26,5298,23.1,20.1,29.9,29,2.2,76.9,997.3,14.3,8.8,24.5,3.4,4.8
426,2017-06-27,5862,25.2,20.8,30.5,0,2.2,67.5,999.7,18.3,6.4,27.3,3.8,5.4
427,2017-06-28,6250,26,22.5,30.5,,2.1,63.5,1001.9,16.7,6.1,27,3.9,5.6
428,2017-06-29,6136,26.2,21.9,31.5,,2.2,64.8,1001.1,21.1,3.8,29.5,4.8,6.9
429,2017-06-30,6007,25.9,22.2,30.9,,2.2,65.9,998.2,19.5,4.9,31.4,4.3,6.1
430,2017-07-01,6183,25.3,22.4,30.7,0.5,2,73.6,997.4,13.9,9.4,30.5,2.9,4.2
431,2017-07-02,6681,24.3,21.9,26.8,92,2.5,90.5,996.8,5.5,10,24.7,1.3,1.9
432,2017-07-03,5803,24.7,21.9,27.4,67.5,3.5,87.6,995.7,9.2,9.9,25.1,2.3,3.3
433,2017-07-04,6094,26.7,23.8,31.6,0.5,2,74.5,996,19.7,6.5,28.3,4.1,5.8
434,2017-07-05,5489,27.4,23.3,32.6,,1.5,66.9,1000,18.4,4.8,27.2,4.3,6.1
435,2017-07-06,4774,27.6,23.9,34.6,34,1.7,72.3,1000.1,19.1,7.1,31.1,4,5.7
436,2017-07-07,4894,26.4,24.4,28.4,16.5,2,80.8,997.7,6.3,9.5,26.4,1.4,2
437,2017-07-08,3999,26,24.6,27.6,4.5,2.6,83.3,996.5,4.7,9.9,25.9,1.3,1.8
438,2017-07-09,4588,26.3,23.8,30.3,32.5,1,88,996.3,9.3,9.6,27.4,1.8,2.6
439,2017-07-10,3794,24,22.6,25.4,144.5,2.3,96.5,991.1,2,10,24.4,0.6,0.9
440,2017-07-11,2140,26,22.2,30.9,1,2.1,81.4,997.2,13.9,8.8,27.2,3.1,4.4
441,2017-07-12,3291,27.1,24.9,31.1,0,2.3,75.9,1000.2,17,6.1,29.2,3.5,5.1
442,2017-07-13,3067,27.6,23.1,32.1,,1.5,71,998,19.2,2.6,29.2,4.2,6
443,2017-07-14,3928,28.7,26.1,33,0,2.1,68.4,998,16,7,30.7,3.6,5.2
444,2017-07-15,4552,25,23.4,27.3,42.5,2.2,89,999.5,5.7,10,25.7,1.3,1.9
445,2017-07-16,4428,26.2,23.4,28.8,22.5,1.4,83.4,1001.8,10.5,9.4,27.1,2.3,3.3
446,2017-07-17,4362,26.8,24,29,7.5,2,77.3,1001.9,11.2,9.1,28.1,2.2,3.2
447,2017-07-18,5447,26.5,23.9,30.7,2.5,1.6,80.6,999.5,11.5,7.4,27.5,2.6,3.6
448,2017-07-19,5155,28.3,24.5,34.1,,1.8,71.4,997.1,20.4,5.9,29.6,4.4,6.3
449,2017-07-20,5492,29.9,26,34.9,,2.2,66.1,996.6,20.6,2.4,33.2,4.8,6.8
450,2017-07-21,6136,29.8,27.3,32.4,,2.5,73.1,998.2,10.8,8.6,30.7,2.6,3.8
451,2017-07-22,6299,29.3,27.5,32.5,0.5,2.3,75.8,999.1,10,9.5,30.9,2.5,3.6
452,2017-07-23,5717,27,26.1,28.1,133.5,2.1,89.5,994.9,2.7,9.8,26.7,0.9,1.3
453,2017-07-24,5957,26.2,25.6,27.3,3,1.2,82.3,992.9,5.2,9.4,26.8,1.5,2.1
454,2017-07-25,3849,29.4,24.6,35.4,,1.9,64.1,993.9,21.7,4.3,31.7,5.5,7.9
455,2017-07-26,4511,28.7,24.2,32.8,,2.7,55.6,997.6,22.6,3.5,32.5,5.2,7.5
456,2017-07-27,4474,27.1,24.9,29.7,3.5,1.9,62.5,998.2,10,9.4,29,2.2,3.2
457,2017-07-28,3590,25.5,24.8,26.9,8.5,1.5,92.1,998,3.4,9.6,25.9,1.1,1.6
458,2017-07-29,4027,27.2,25,30.1,0,2.3,72.3,997.6,11.8,7.5,27.5,2.8,4.1
459,2017-07-30,4723,27.9,24.7,32.6,,1.9,64.4,997.2,18.6,7.9,29.9,4,5.7
460,2017-07-31,5016,25.7,24.8,27.1,3.5,1.4,82.3,998.9,4.3,9.6,26.1,1.3,1.8
461,2017-08-01,3964,28.6,24.1,33,2,1.7,73,1000.1,18.1,7,29.4,3.7,5.3
462,2017-08-02,4989,30,26.6,33,,1.3,71.9,997.4,12,5.1,30.4,2.7,3.9
463,2017-08-03,3903,30.2,27.2,33.9,,2.2,60.6,995.2,21.8,5.6,32.8,5.5,7.8
464,2017-08-04,3999,30.3,25.9,35.3,,2.1,60.1,995.5,22.2,6.3,34.6,5.2,7.4
465,2017-08-05,3717,31.4,27.6,34.8,0,1.9,63,993.4,16.8,4.1,35.8,3.8,5.4
466,2017-08-06,3718,29.8,28.2,34,5,1.9,71.9,990.9,12,6.9,32.1,2.9,4.1
467,2017-08-07,4362,29.2,26.4,34.4,,2.4,68.1,989.7,22.7,3.3,33.6,5.2,7.4
468,2017-08-08,3885,28.2,25.5,31,,1.9,67.1,989.8,13.5,8,30.5,3.2,4.6
469,2017-08-09,4233,27.6,24.6,32,2.5,2.3,66.4,988.1,14.2,9.1,32,3.4,4.8
470,2017-08-10,3702,24.8,23.9,26.3,5.5,2,89.9,991,6.2,9.9,27.4,1.6,2.3
471,2017-08-11,3911,27,23.9,32.4,0.5,2.3,72.5,996.4,15.6,5.9,29.4,3.8,5.4
472,2017-08-12,3936,27.8,23.2,32.6,,2.1,60.3,1000.6,18.4,5.6,29.2,4,5.8
473,2017-08-13,4018,26.3,24.2,28.4,0,2.8,62.1,1000.4,11.2,8.9,27.8,3.5,5
474,2017-08-14,3627,24.6,23.1,27.1,1.5,3.6,67.5,996.2,7.3,9.6,25.4,2.2,3.2
475,2017-08-15,3615,21.9,20.8,24,93.5,3.6,93.8,993.2,3,10,22.9,0.9,1.3
476,2017-08-16,3351,23.3,20.5,26.8,2,3.7,80.5,995.5,10.4,9.6,24.6,2.5,3.6
477,2017-08-17,3658,24.8,21.2,27.7,0.5,2.1,77.1,998,9.7,8.1,26.1,1.8,2.6
478,2017-08-18,3363,26.3,23.9,30.6,0,1.3,75.6,1001,12.1,8.3,26.8,2.9,4.1
479,2017-08-19,3944,26.1,23.1,28.7,0,2,75.8,1001.9,9.8,8.1,26.9,1.9,2.7
480,2017-08-20,3978,23.2,22,25.8,124.5,2.9,95.6,998.6,3.5,10,23.8,1,1.5
481,2017-08-21,3829,25.8,23.7,29.2,5,2.4,81.5,997.1,10.7,7.6,26.9,2.4,3.5
482,2017-08-22,3847,27.3,23.4,31.5,,1.9,70.6,1001.9,16.5,4.4,29,3.3,4.8
483,2017-08-23,3702,27.2,24.6,30.2,31.5,2.6,84.1,1001.3,8.2,9.4,27.4,2.1,3
484,2017-08-24,3662,26.5,23.9,28.1,14,4,85.3,996,3.6,7.9,25.7,1.2,1.8
485,2017-08-25,3156,25.3,22.2,30.6,,1.7,61.9,998.6,20.2,6,25.7,5.1,7.3
486,2017-08-26,4089,24.2,19,29.2,,2,54.5,1003.8,24.4,1.9,27.3,5.7,8.2
487,2017-08-27,3381,22.7,19,26.7,0,1.4,62,1005,10.3,8.3,24.8,2.2,3.2
488,2017-08-28,2979,21.5,18.3,26.5,9,1.5,73.1,1001.5,6.8,9.1,22.6,2.1,3
489,2017-08-29,2347,19.5,17,24,,3.2,51.4,1004.3,21.1,6.5,22.8,4.8,6.9
490,2017-08-30,3011,19.8,16.1,23.9,,1.5,55.8,1003.9,9.6,7.1,19.7,2.2,3.2
491,2017-08-31,2853,22.2,16.6,27.6,,1.6,62.4,1002.2,19.2,0.9,24.3,4.2,6
492,2017-09-01,3435,23.3,17.1,29.7,,2.2,56,1002.6,22.7,0.4,26.6,5.1,7.3
493,2017-09-02,2928,23.8,18.6,29.6,,1.8,59,1002.6,19.7,2.9,27.2,4.2,6
494,2017-09-03,3160,23.7,19,29.2,,1.6,64,1004.8,15.9,3,25.6,3.3,4.7
495,2017-09-04,3549,24.6,19.7,30.1,,1.6,53.8,1005.2,17.9,6.1,28.6,4,5.7
496,2017-09-05,3307,21.9,20.4,23.7,0,1.7,62.4,1001.8,5.4,8.8,22.6,1.6,2.3
497,2017-09-06,2985,20.6,18.5,24,2,1.2,75.5,998.6,6.1,9.6,21.5,1.4,2.1
498,2017-09-07,2874,22.4,17.8,27.5,,1.4,73.3,997.9,14,5.6,24.3,2.8,4
499,2017-09-08,3519,24.3,20.4,29.9,,1.7,67.5,1001.4,19.8,3.8,27.6,4.4,6.3
500,2017-09-09,3789,23.8,19.2,28.2,,1.4,70.1,1003.2,16.7,2.8,26.5,3.3,4.8
501,2017-09-10,3774,23,19.9,26.1,0.5,1.4,74.3,1003.4,7.3,9.3,24.3,1.6,2.2
502,2017-09-11,3365,21.2,18.6,24.6,24,1.7,79.8,997.7,8.2,7.6,22.6,1.9,2.7
503,2017-09-12,3546,22.1,17.7,27.9,,1.9,58.6,1003.6,19.1,0.6,23.3,4.7,6.7
504,2017-09-13,4284,21.4,15.9,27.5,,1.9,49.3,1008.4,21.6,0,23,4.8,6.8
505,2017-09-14,3709,22.4,14.8,29.5,,1.7,48.8,1009.3,20.6,1.5,23.9,4.9,7
506,2017-09-15,3811,22.6,17.8,27.9,,3.6,48.4,1009,19,3.9,25,5.4,7.7
507,2017-09-16,3255,22,16.7,27.6,,3.6,50.9,1004.5,20.2,3.1,25.2,5.2,7.5
508,2017-09-17,3308,23.1,19,29.2,,2.7,51.3,997.6,19,3.5,26.7,4.7,6.7
509,2017-09-18,3478,21.9,16.4,27.6,,2.1,62.8,998.3,19,1.8,25.8,4.1,5.8
510,2017-09-19,3572,22.6,20.1,25.8,8,3,79.1,998.8,7.3,7.9,24.6,2.4,3.4
511,2017-09-20,3330,19.5,14.1,24.9,,2.4,48.9,1002.4,20.7,0.8,20.3,4.4,6.3
512,2017-09-21,3217,20.3,14.2,27,,1.6,57.3,1004,19.4,0.5,21.7,4,5.7
513,2017-09-22,3379,20.6,15.4,26.8,,2.1,60.8,1003,16.7,3.5,22.1,3.5,5
514,2017-09-23,3556,21.8,17.6,27.3,0,1.6,69.8,1005.4,13.3,6.6,23.3,2.7,3.9
515,2017-09-24,3899,22.4,18.8,27.9,0,2,71.5,1005.1,11.8,6.9,24.3,2.6,3.8
516,2017-09-25,4201,23.4,17.4,30.1,,1.4,58,1004.8,16.6,2.5,25.2,3.7,5.3
517,2017-09-26,3692,25.1,19.4,31.4,0,1.9,57,1002.2,15.7,4.9,27,3.2,4.6
518,2017-09-27,3511,22.7,19.9,27.3,0.5,1.7,66.4,997.7,0,8.8,24,,
519,2017-09-28,3975,19.2,14.2,25.3,,2.8,49.1,1000.5,11.8,2.5,23,3.9,5.5
520,2017-09-29,3302,17.4,11.2,23.5,,2.2,39.3,1007.5,13.8,3.1,20,3.6,5.1
521,2017-09-30,3436,20,14.7,25.9,,1.5,64.9,1011.1,6.1,3.5,21.1,1.7,2.4
522,2017-10-01,3161,18.2,15.5,21.2,4,2.3,74.8,1006.8,3.1,8.9,18.8,1.2,1.7
523,2017-10-02,2342,22,15.6,29.4,1.5,2.3,62.3,1001.3,11.2,2.6,21.7,3.3,4.7
524,2017-10-03,4307,17.6,13.4,23.6,,2.3,49.8,1008.2,7.2,5.8,18.2,2.3,3.3
525,2017-10-04,3281,16.7,10.7,24.3,,1.8,48.5,1013.1,9.9,6.6,17.5,2.7,3.9
526,2017-10-05,3553,18.7,13.9,23.4,,2.1,56.4,1013.1,7.2,8,18.7,2.2,3.1
527,2017-10-06,3638,18.9,16.2,23.3,0.5,2.3,66.4,1008.9,5.3,8.5,19.4,1.6,2.3
528,2017-10-07,2741,21.9,16.9,28.8,0,1.2,67.6,1009.7,9.2,7.5,23.9,2.1,3
529,2017-10-08,3672,23,19.3,28.7,,1.4,66.9,1012,9.3,4.8,25.3,2.2,3.2
530,2017-10-09,3771,22.5,19.8,27.6,0,1.5,66,1011.4,7.2,6.5,24.9,1.9,2.6
531,2017-10-10,3500,21.4,18.6,24.8,0.4,1.3,76.9,1008.2,3.8,9.3,22.1,1.2,1.6
532,2017-10-11,2718,15.5,12.2,21.7,20,2.9,77.1,1008.1,3.9,9.3,17.4,1.3,1.9
533,2017-10-12,1610,11.4,8.8,,,2,71,1010.4,2.2,7.1,11.7,1,1.4
534,2017-10-13,672,12.8,6.1,18.9,,3.2,51,1012.1,9.4,3.4,12.8,2.9,4.1
535,2017-10-14,1701,14.4,9,20.5,,,42.8,1015.5,10.6,4.9,13.5,2,2.8
536,2017-10-15,2566,15.8,9,23,,1.7,42.5,1017.1,10,5.4,15.3,2.6,3.7
537,2017-10-16,2833,16.6,13.6,22,,1.7,47.6,1016.4,7.3,7.9,17.2,2.3,3.2
538,2017-10-17,2416,16.2,9.2,23.9,,1.3,47.1,1014.1,10.3,0.4,16.2,2.5,3.6
539,2017-10-18,2473,16.5,14.2,19.1,0.1,2.4,58.8,1012.9,3.1,9.3,15.7,1.5,2.2
540,2017-10-19,1773,17,11.9,23.2,,1.8,58.3,1009.2,9.1,3.8,16.8,2,2.9
541,2017-10-20,2133,17,11.1,24.2,,1.5,58.6,1008.8,9.8,0.1,16.9,2.3,3.3
542,2017-10-21,"1,818",,,,,,,,,,,,
543,2017-10-22,"2,293",,,,,,,,,,,,
544,2017-10-23,"1,825",,,,,,,,,,,,
545,2017-10-24,"1,189",,,,,,,,,,,,
546,2017-10-25,"1,109",,,,,,,,,,,,
547,2017-10-26,"1,361",,,,,,,,,,,,
548,2017-10-27,"1,619",,,,,,,,,,,,
549,2017-10-28,"1,469",,,,,,,,,,,,
550,2017-10-29,"1,671",,,,,,,,,,,,
551,2017-10-30,149,,,,,,,,,,,,
552,2017-10-31,154,,,,,,,,,,,,
553,2018-05-01,1837,20.4,17.8,23.3,0,1.5,72.8,1003.5,12.4,8.5,23.5,2.2,3.2
554,2018-05-02,1871,15.1,8.7,19.7,12,1.9,90.4,994.9,2.5,9.9,16,1,1.4
555,2018-05-03,468,11.2,6.9,14.7,1,2.7,62.4,997.4,12.2,3.6,11.4,2.5,3.6
556,2018-05-04,1052,14.1,8.8,20,,2.7,45.5,1001.5,27.3,1.4,17.9,5.6,7.9
557,2018-05-05,1717,18.3,11.6,24.6,,2.6,46.8,1004.7,22.3,6,20.4,4.5,6.5
558,2018-05-06,2246,16.6,15,20.7,22,1.1,86.4,997.7,9.3,9.3,17.2,1.7,2.4
559,2018-05-07,1361,19.2,14,25.5,,1.2,60.3,996.5,17.7,6,18.4,3.9,5.5
560,2018-05-08,2931,17.5,11.6,22.9,,1.7,50.9,1003.9,23.3,3,21.3,4.2,6.1
561,2018-05-09,1988,15.7,9.2,21.8,,1.7,50.4,1010.6,26.8,0.1,21.7,5.1,7.3
562,2018-05-10,2906,15.4,11.3,21.4,,2.3,67.4,1012.1,26.5,3.1,22.5,4,5.8
563,2018-05-11,2422,16.1,11.9,21.3,,1.8,59.8,1008.2,18.7,9.5,21,3.3,4.8
564,2018-05-12,3117,14.2,11.8,16.1,32,0.9,89.3,999.8,1.3,10,14.6,0.5,0.7
565,2018-05-13,1533,15.8,12.7,20,0.5,1.9,82.5,998.3,16.4,5.3,18.4,2.6,3.8
566,2018-05-14,2376,18.2,11.9,24.5,,1.4,71.4,1001.3,19.2,6.6,21.2,3.4,4.9
567,2018-05-15,3076,23.2,15.4,29.3,0,1.1,56.4,1000,21.2,8.5,25.3,3.9,5.6
568,2018-05-16,3529,22.3,21.8,24.4,45,1.9,93.8,995.1,1.6,10,21.6,0.5,0.8
569,2018-05-17,1964,20.9,18.8,23.5,83,1.4,97,994,4,10,21.2,0.8,1.2
570,2018-05-18,1634,16.3,12.2,19.3,6.5,1.3,86.8,996.2,5.6,8.3,18.2,1.5,2.2
571,2018-05-19,1849,17.6,10.3,24.7,,1.5,47.5,1005.9,29.1,0,21.2,5.3,7.6
572,2018-05-20,2837,17,11.5,22.6,,1.4,32.1,1009.2,14.4,4.6,16.9,3.9,5.5
573,2018-05-21,2680,17.8,11.3,23.7,,1.4,43.9,1007.9,24.6,3.9,21.8,4.4,6.3
574,2018-05-22,2708,18.1,15.4,23.2,12.5,1.1,75.5,1002,10.9,9,19,2.2,3.1
575,2018-05-23,2119,17.3,13.6,23.3,6.5,2.5,57.1,998.4,29.2,1.4,21.9,5.6,8
576,2018-05-24,2663,18.3,11.2,23.7,,2.2,47.4,999.5,27,0.5,22.1,5.8,8.2
577,2018-05-25,2636,19.7,13.8,26.2,,1.8,47.4,998.5,25.5,3.4,23.1,5.4,7.8
578,2018-05-26,2778,21.8,14,29.6,,1.4,50.1,998.8,26.9,1,26.3,5.7,8.2
579,2018-05-27,3160,20.3,17.3,24.7,,1.7,47.4,1000.4,17.1,7.3,23.6,4,5.7
580,2018-05-28,3154,22.3,16.2,29.1,,1.6,49.8,999.9,26.5,3.8,27.9,5.3,7.6
581,2018-05-29,3480,21.4,19.1,25.9,1,1.8,69.3,1001.2,13.3,9.4,25.2,2.6,3.7
582,2018-05-30,2838,20.2,15.8,24.7,0,1.9,69.8,1000,21.7,4.6,24.8,4.4,6.3
583,2018-05-31,3229,20.9,14.2,27.6,,1.9,58.9,1001.4,26.9,0.9,28.3,5.4,7.7
584,2018-06-01,3178,23.8,17.5,30.2,,1.9,50.4,1004.7,27.9,0,30.6,6.5,9.3
585,2018-06-02,3270,23.4,17.6,30.1,,2,44.5,1005.1,28.5,1.4,30.8,7,10
586,2018-06-03,2828,24,16.9,30.8,,1.6,39.4,1003,27.2,4,31,6.6,9.4
587,2018-06-04,2977,22.6,18.9,27.5,,1.9,50.1,1002.6,21.1,7.9,27.4,4.7,6.7
588,2018-06-05,2760,23.7,17.7,29.2,,1.7,52.5,1001.6,24.4,1.4,30.7,5.4,7.8
589,2018-06-06,3119,23,18.4,27.9,,2,62.9,1002.1,26.6,1,30.9,4.9,7.1
590,2018-06-07,3491,22.2,17.8,29.4,,2,69.3,1001.7,24,4.5,30,4.7,6.7
591,2018-06-08,3122,21.9,18.5,27,,2.1,68,998.8,18.5,5.5,31.1,3.7,5.3
592,2018-06-09,3198,23.7,18.9,30.1,0.5,1.4,60.6,997.1,20.2,6.6,29.7,4.1,5.8
593,2018-06-10,3581,21.3,18.3,24.9,0.5,1.4,59.9,994.7,12.8,9.5,23.7,3.2,4.5
594,2018-06-11,4152,20.2,18,23.9,5,1.4,67.3,990.9,11.3,8.5,24.5,2.4,3.4
595,2018-06-12,3417,21.3,16.6,27.1,0,1.7,65.5,993,23.5,4.5,26.2,4.4,6.3
596,2018-06-13,4163,22,18.3,27,0,1.5,64,996.2,15.8,7.4,25.3,2.8,4.1
597,2018-06-14,4640,21.6,18.8,25.1,29,1.1,74.9,997.7,10.3,9.5,22.7,2.3,3.3
598,2018-06-15,4516,21.7,17.2,27,16.5,1.4,60.8,1001,23.6,6.1,24,4.7,6.7
599,2018-06-16,4746,22.5,16.3,28.7,,1.4,56.4,1002.1,28.1,0.8,26.8,5.3,7.5
600,2018-06-17,4943,22.8,18.9,27.5,,1.3,66.9,1000.3,14.8,7.8,25.3,3.2,4.5
601,2018-06-18,5323,24.8,19.9,30.8,,1.5,54.9,996.9,26.2,3.6,30.4,5.4,7.7
602,2018-06-19,4605,22.4,19.1,27.2,,1.8,61.3,994.8,17.7,8.1,26.4,3.7,5.2
603,2018-06-20,4442,22.7,19.1,28.4,,2.3,68.1,994,24.5,5.4,28.9,5.1,7.3
604,2018-06-21,4545,23.7,19.4,28.7,,2.2,60.1,997.1,28.2,3,32.2,6.1,8.7
605,2018-06-22,5080,25,18.2,32,,1.8,45.1,998.3,27.4,5.1,30.6,6.6,9.4
606,2018-06-23,5010,24.5,20.9,28.9,,2,50.6,994.8,22.2,8,30.7,5,7.1
607,2018-06-24,4673,25.2,20.1,32.1,,1.9,62.8,998.1,25.7,4,32.8,5.8,8.3
608,2018-06-25,4830,27.1,21.3,32.9,,1.2,57.1,1000.2,20.4,7.9,31.7,4.3,6.1
609,2018-06-26,4664,22.3,20.2,26.9,71.5,2.4,88.3,993.7,1.3,10,22.5,0.6,0.9
610,2018-06-27,3285,22.3,19.1,25.5,1,2,81.9,992.3,13.6,8.8,23.7,2.7,3.9
611,2018-06-28,3709,23.3,20.6,27.3,26.5,1.1,85.1,989.6,9.3,9.5,24.5,1.7,2.4
612,2018-06-29,2937,24.7,21.9,29.1,6.5,1.5,78.5,993.1,18.8,7.3,26.6,3.4,4.9
613,2018-06-30,3318,24.4,21.6,27.9,14.5,0.9,83.8,999.6,8.8,9.1,24.7,1.6,2.3
614,2018-07-01,3076,21.9,21,22.8,83.5,0.8,94.6,999.3,2.1,9.9,22.2,0.5,0.8
615,2018-07-02,3106,22.6,20.6,25.3,59.5,0.7,95.4,997.5,4.7,9.6,23.5,1.2,1.7
616,2018-07-03,1791,27.4,22.5,32.6,0.1,0.8,74.4,990.1,22.9,6,29.1,4.6,6.6
617,2018-07-04,2434,27.3,24,31.8,,1.7,69.6,988.1,22.4,7.1,30,4.4,6.3
618,2018-07-05,2684,25.3,23.4,29,0.5,1.2,72.8,993.3,10.9,8.6,27,2.6,3.8
619,2018-07-06,2583,23.9,21.5,27.1,,1.8,57.8,998.2,15.8,8.5,27,3.8,5.5
620,2018-07-07,3000,23.7,19.5,29.2,,1.6,51.4,1000.3,27.3,3.6,30.9,5.3,7.6
621,2018-07-08,3167,23.3,17.7,28.1,,1.5,51.5,1002.4,24,7,29.8,4.4,6.4
622,2018-07-09,3600,20.8,20.1,24.2,14,1.1,82.3,1004.9,4,9.9,22.4,0.8,1.2
623,2018-07-10,3235,23.7,20.4,26.5,16.5,0.7,87.8,1004.4,5.9,9.8,23.9,1.2,1.7
624,2018-07-11,2524,26.8,24.4,29.5,3,1.3,82.9,1004.9,8.7,9.6,26.9,2.1,3
625,2018-07-12,2861,26.6,25.1,28.2,1,1.5,82.4,1003.4,9.9,7.5,27,2.1,3
626,2018-07-13,2771,27.3,24.7,30.9,,1.8,74.8,1002.4,15.6,6.4,28.9,3.3,4.7
627,2018-07-14,3597,27.9,24.6,31.9,0,1.9,69.6,1001.4,21.5,5,30.6,4.4,6.2
628,2018-07-15,3489,28.3,24.5,33.2,,1.6,69.6,1002.3,22.9,2.6,32.6,4.9,7
629,2018-07-16,3870,28.7,24,34,,1.7,64.3,1002.4,26.7,0.4,33.4,6,8.5
630,2018-07-17,3679,28.1,23.9,32.1,,1.7,66.5,1002.2,25.6,1.3,34.3,5.2,7.4
631,2018-07-18,3381,28.2,23.7,33.2,,1.6,64.8,1001.9,25.1,0.8,34.2,5.6,8
632,2018-07-19,3835,28.7,23.2,34.1,,1.6,64.1,1001.1,27.8,0.1,35.6,6,8.6
633,2018-07-20,4147,29.5,24.6,34.7,,1.5,62.6,999.4,25.7,0.4,35.7,5.6,8.1
634,2018-07-21,4232,30.6,24.9,36.9,,1.5,53.6,999,26.6,0.3,36.1,6.4,9.2
635,2018-07-22,4105,31.8,25.3,38,,1.4,49.6,998.6,25.5,3.5,37.3,6.4,9.1
636,2018-07-23,4077,31.7,29.2,35.7,,1.8,53.8,999,18.9,7.9,37.1,4.7,6.7
637,2018-07-24,3972,31.4,27.2,36.8,,1.6,59.5,997.4,18.4,4.4,35.8,4.5,6.4
638,2018-07-25,4223,30.1,27.7,34.1,,2.4,66.3,997.5,14.4,6.3,36.1,3.5,4.9
639,2018-07-26,4230,30.1,27.3,33.7,,1.5,68.8,997.5,12.2,5.8,32.7,3,4.4
640,2018-07-27,4382,30.9,27.2,35.4,,1.9,69.3,997.2,19.3,2.3,36.2,4.3,6.1
641,2018-07-28,3828,29.5,28,35.2,7.5,1.2,77.1,996.1,9.6,5.5,30.1,2.4,3.5
642,2018-07-29,3579,31.3,26.4,36.7,,1.2,52.4,994.2,22.3,2.4,32.2,5.4,7.8
643,2018-07-30,3975,31.7,26.2,36.9,,1.2,50.9,994.3,19.7,3.1,34,4.5,6.5
644,2018-07-31,2685,32.6,27.8,38.3,,1.5,50.5,994.7,24.5,2.8,38.8,5.8,8.3
645,2018-08-01,2834,33.6,27.8,39.6,,1.7,55.5,993.4,25.7,0.8,40.1,6.6,9.4
646,2018-08-02,2589,33.7,30.3,37.9,,1.6,54.4,995.6,18.6,4,36.8,4.8,6.8
647,2018-08-03,2337,33.1,30,37.9,,1.9,55.3,997.4,21.1,1,39.3,5.4,7.8
648,2018-08-04,2732,31.1,28,34.9,,2.4,60.6,998.2,20.5,3.4,37.8,4.8,6.9
649,2018-08-05,2888,30,27.2,33.9,2,2.6,71.8,997.6,20.6,6.5,34.9,4.6,6.6
650,2018-08-06,3455,30.5,28.3,35.3,6.5,1.6,71.6,996.8,17.9,7.6,31.4,4.2,6
651,2018-08-07,3021,30.5,26.8,35.9,,1.5,63.4,997.2,15.6,3.6,29.7,3.7,5.3
652,2018-08-08,2696,31,27.6,35.3,,2.1,64.8,996.8,20.6,3,35.5,5,7.1
653,2018-08-09,2383,28.8,27.1,32.5,2,1.5,76.3,994.5,11.1,7.3,32.5,2.5,3.6
654,2018-08-10,3102,30.7,25.7,36.8,,1.4,60.9,993.6,21.9,3.5,32.7,5.2,7.5
655,2018-08-11,2453,31,26.4,36,,1.5,55.8,995.3,21.4,2.9,36.3,5,7.2
656,2018-08-12,2041,30.6,27.2,35.3,5,1.5,61.3,997.4,18.2,6.5,34.7,4,5.7
657,2018-08-13,2527,30.5,26.7,34.4,1,1.4,68.6,1000.4,12.3,7.3,29.9,3.1,4.4
658,2018-08-14,2650,31.7,27.7,37.2,,1.3,58.3,1000,18.4,6.9,34.7,4.4,6.3
659,2018-08-15,2175,31.7,28.3,38,1,1.2,59.5,997.3,18.4,6.4,34,4.3,6.1
660,2018-08-16,1746,29.9,24.1,35.6,,1.7,51,999.6,24.9,3.3,35.5,6.5,9.3
661,2018-08-17,1318,27.2,21.7,33.8,,1.8,39.8,1002.4,26.2,0,34.6,6.2,8.9
662,2018-08-18,1551,26.7,21.5,32.1,,1.4,44.6,1001.1,23.3,5,34.1,4.9,7
663,2018-08-19,1176,28.2,23,34.4,,1.2,50.6,999.8,19.8,7.9,34.4,4.5,6.4
664,2018-08-20,1326,29.1,25.1,33.3,0,2,55.6,995.3,15.1,8.4,32.7,4.3,6.1
665,2018-08-21,823,26.6,23.4,31,5,2.5,71.4,993.9,12.9,6.3,27,2.9,4.2
666,2018-08-22,1222,30.7,23.4,37.6,,1.1,54.1,994.7,22.3,4.5,34.6,5,7.2
667,2018-08-23,1229,29.4,25.7,32.2,3,1.7,59.1,990.2,9.3,9.5,31.5,2.5,3.5
668,2018-08-24,1543,24.4,23.2,26.3,7.5,2.5,86.3,987.5,5.7,9.6,24.7,1.7,2.4
669,2018-08-25,1985,25.2,22.7,29.3,,2.6,68,999.2,16.2,7,25.6,3.7,5.3
670,2018-08-26,2221,23.2,20.3,29,2,1.2,70,1002,13.5,6.4,24.3,2.4,3.5
671,2018-08-27,1914,22.7,20.2,24.9,19.5,0.8,91,1001.6,7.8,8.9,24.4,1.4,2
672,2018-08-28,1709,23.7,22.5,26.1,96.5,0.9,92.4,1001.5,4.4,9,24.4,1,1.5
673,2018-08-29,2116,25.2,22.7,27.4,42,2.4,86,999.1,2.8,10,24.8,1,1.4
674,2018-08-30,1770,25.3,23.9,28.2,9.5,1.8,80.9,999.2,8.7,9.4,25.8,2.1,3
675,2018-08-31,1498,25.6,22.8,30.3,0.1,1.6,67.4,1000.3,22.2,4.5,27.2,4.7,6.7
676,2018-09-01,1261,25.5,20.8,30.9,,1.3,59.4,1001.5,21,1.5,26.5,4.5,6.4
677,2018-09-02,1487,25.1,20.1,29.6,,1.5,55.8,999.2,20.3,5.5,28.4,3.9,5.6
678,2018-09-03,1360,23.3,21.4,25.8,34.5,1,85.3,991.9,3.4,9.8,24.3,1,1.4
679,2018-09-04,1260,23.2,20,27.8,,2.2,69.4,988,21.6,5.1,24,4.5,6.5
680,2018-09-05,1799,24,19.6,28.5,,2.5,63.5,992.9,22.5,1.9,24.8,4.9,7
681,2018-09-06,1846,24.1,20.9,28.2,1,2,69.9,994.2,11,7.9,24.7,2.9,4.2
682,2018-09-07,1911,22,19.1,25.5,0.5,2.5,54.6,995.7,19.6,4.9,23.3,4.4,6.3
683,2018-09-08,1744,21.7,15.9,27.7,,1.7,48.8,1003.5,22.8,0.3,24.5,4.9,7.1
684,2018-09-09,1571,22.2,15.6,28.9,,1.2,49,1006.4,21.4,1.4,26.4,4.9,7
685,2018-09-10,1649,22.9,18.6,28.4,,1.6,49.5,1010.6,19.8,2.4,26.2,4.2,5.9
686,2018-09-11,1815,21.6,16.8,26.1,,1.5,48.1,1010.8,17.9,7.5,24.5,3.8,5.4
687,2018-09-12,1626,22.8,16.8,28.2,,1.4,52,1008.1,20.4,4.1,26.8,4,5.7
688,2018-09-13,1725,23.5,20.3,28.3,,1.2,63.5,1007,12.9,7.9,27.2,2.6,3.8
689,2018-09-14,1990,23.5,20.3,26.8,0.5,1.3,66.9,1005.6,9.8,8.3,25.4,2.1,3.1
690,2018-09-15,2254,23.3,21,26,0.2,1,76,1004.4,7.4,9.8,24,1.6,2.2
691,2018-09-16,2295,22.2,21,23.9,2,1.7,83.6,1005.4,6.4,10,23.2,1.6,2.4
692,2018-09-17,3336,22.3,18.5,27.7,0.1,1.9,64.3,1007,20.4,5.3,25.8,4.2,6
693,2018-09-18,3450,22,17.7,26.5,,1.2,59.8,1006.6,15.9,8.3,25.5,3.3,4.7
694,2018-09-19,3183,22.1,18.9,26.6,0.2,1,59.1,1004.1,10.7,9.5,24.4,2.3,3.3
695,2018-09-20,3112,19,17.8,20.1,5,1.8,82.4,1000.7,4.1,10,19.8,1,1.4
696,2018-09-21,3194,19.4,17.6,21.9,18,1.3,85.8,1000.3,6.3,9.3,20.8,1.3,1.8
697,2018-09-22,2737,20.8,17.2,25.5,6.5,1.8,62.3,1004.6,19.1,2.1,21.1,4.2,6.1
698,2018-09-23,3348,19.4,15.6,25.3,0,1.6,52.9,1005.8,14.8,4.4,19.9,3.7,5.3
699,2018-09-24,3542,17.6,14.2,22.1,,2.1,48.3,1008.7,21,1.1,19.3,4.5,6.4
700,2018-09-25,2591,17.8,10.8,24.3,,1.1,48,1009.5,20.2,2.1,19.8,4.1,5.8
701,2018-09-26,2757,19.4,16.2,24.8,,1.7,47.9,1009.8,17.1,5,21.8,3.8,5.4
702,2018-09-27,2587,18.9,13.2,25,,1.3,47.6,1008.9,18.3,0.9,20,3.4,4.9
703,2018-09-28,2200,17.5,14.3,22.2,,1.2,58.1,1008.5,8.8,6.1,18.6,1.9,2.8
704,2018-09-29,1731,20.2,14.6,27,,1,55.5,1003.9,19.4,0.4,21.9,3.5,5
705,2018-09-30,2018,17.6,14,21.6,,2.3,52.5,996.1,17,0.6,21.2,4.2,6
706,2018-10-01,2031,15.4,13,19.7,0,2.9,55.1,997.9,15.1,4.5,19,3.1,4.4
707,2018-10-02,1634,15.9,10.3,22,,1.6,61.4,1007.1,18.8,0.5,19.4,3.6,5.1
708,2018-10-03,1396,17.3,11.2,24.2,,1.3,58,1011.7,18.5,0,19.8,3.6,5.2
709,2018-10-04,1549,19.3,13,25.6,,1.3,56.5,1013.5,15.9,6.5,20.7,3.3,4.8
710,2018-10-05,2487,16.9,15.7,19,36.5,1.7,84.1,1008.1,2.7,9.8,17,0.6,0.9
711,2018-10-06,1221,18,16.3,21.7,55.5,2.2,84,997.1,6.9,7.5,18.8,1.5,2.2
712,2018-10-07,1340,16.4,12.3,21.1,,1.7,53.5,1006.6,15.7,2.9,16.2,3.2,4.5
713,2018-10-08,1149,14.8,9.2,20.9,,1.1,47,1009.3,15.3,4.4,14.1,2.9,4.1
714,2018-10-09,752,15.3,10.7,19.8,0,1.1,52.5,1005.9,8.9,9,14.3,1.9,2.8
715,2018-10-10,1464,12,7.9,16.7,7,2.5,61,1007.1,10.3,6.8,13.1,2.2,3.1
716,2018-10-11,269,9.7,6.1,13.9,,2.1,51,1012.5,15.4,1.4,8.9,2.8,4
717,2018-10-12,296,10.9,5.2,17.4,,1.3,54,1015.6,17.7,0,12.7,2.9,4.2
718,2018-10-13,329,12.5,6.1,19.8,,1,54,1015.2,16.8,0,13.8,2.8,4
719,2018-10-14,351,13.2,6.8,20.3,,1.5,60,1012.5,16.1,3.4,14.9,2.9,4.1
720,2018-10-15,724,15.2,10.9,21,,1.4,69.9,1009.9,11.3,4,15.7,2.2,3.1
721,2018-10-16,894,14.5,9.9,20.3,,1.3,55.9,1006.5,13.2,5.6,15.4,2.6,3.8
722,2018-10-17,568,12.4,8.4,18.6,,1.3,53.3,1005.8,16.4,0,14.9,3,4.3
723,2018-10-18,435,12.7,7.5,19,,1.1,59.5,1010,13.4,3.1,14.8,2.3,3.3
724,2018-10-19,853,13.1,7.2,20.4,,1.4,54.3,1014.9,16.2,0,14.9,3.2,4.5
725,2018-10-20,809,13.4,6.9,21.4,,1.2,53.9,1015.3,16,1.1,15.1,3.2,4.5
726,2018-10-21,634,13.4,6.9,21.4,,1.2,53.9,1015.3,16,1.1,15.1,3.2,4.5
727,2018-10-22,486,13.4,6.9,21.4,,1.2,53.9,1015.3,16,1.1,15.1,3.2,4.5
728,2018-10-23,444,13.4,6.9,21.4,,1.2,53.9,1015.3,16,1.1,15.1,3.2,4.5
729,2018-10-24,370,13.4,6.9,21.4,,1.2,53.9,1015.3,16,1.1,15.1,3.2,4.5
730,2018-10-25,379,13.4,6.9,21.4,,1.2,53.9,1015.3,16,1.1,15.1,3.2,4.5
731,2018-10-26,765,13.4,6.9,21.4,,1.2,53.9,1015.3,16,1.1,15.1,3.2,4.5
732,2018-10-27,301,13.4,6.9,21.4,,1.2,53.9,1015.3,16,1.1,15.1,3.2,4.5
733,2018-10-28,95,13.4,6.9,21.4,,1.2,53.9,1015.3,16,1.1,15.1,3.2,4.5
734,2018-10-29,72,13.4,6.9,21.4,,1.2,53.9,1015.3,16,1.1,15.1,3.2,4.5
735,2018-10-30,24,13.4,6.9,21.4,,1.2,53.9,1015.3,16,1.1,15.1,3.2,4.5
736,2018-10-31,148,13.4,6.9,21.4,,1.2,53.9,1015.3,16,1.1,15.1,3.2,4.5
737,2019-05-01,1345,16.4,11.2,22.2,,2.3,48.9,996.4,24.4,1.9,20.2,5.1,7.3
738,2019-05-02,1507,17.1,10.6,25.3,,2.3,28.5,1001.6,27.3,0,21.3,6.7,9.6
739,2019-05-03,1258,17.9,10.1,26.1,,1.6,37.5,1006.4,25.6,0,21.9,5.9,8.4
740,2019-05-04,1137,19.5,12,27.4,,1.7,40.4,1007.8,22.1,4.9,22.3,5.1,7.3
741,2019-05-05,1315,19.2,13.6,26.5,,2.2,35.8,1005.8,25.1,5.1,23.9,7.1,10.1
742,2019-05-06,1108,14.5,9.8,19.8,0,3.1,27.1,1006.4,28.3,0.3,22.8,6.6,9.4
743,2019-05-07,1172,15,8.4,21.9,,2.3,33.4,1005.7,27,0,22.1,6.2,8.8
744,2019-05-08,1031,15.6,10.1,21.3,,2.3,48.3,1002.1,23.4,6.1,21.3,4.5,6.4
745,2019-05-09,1169,16.6,11.7,22.9,,2.2,43.3,1000.8,25.5,3.1,23.9,5.8,8.3
746,2019-05-10,1300,17.8,10.3,26.8,,1.9,48,1003.1,25.2,3.5,24.4,5.2,7.4
747,2019-05-11,1636,20.3,13.2,28.3,,1.8,39,1003.7,25.2,2,26.4,6,8.6
748,2019-05-12,1633,21.6,14.7,28.9,,1.5,36,1004.8,21.8,4.3,26.8,5.2,7.4
749,2019-05-13,1543,18.7,15.5,22.8,0,1.6,43.4,1004.4,8.5,8.3,19.2,2.5,3.6
750,2019-05-14,1364,19.6,12.9,26.9,,1.6,44.5,1003,25.4,1.6,25.8,5.4,7.6
751,2019-05-15,1395,20.7,14.8,28,,1.7,48.1,1002.9,21.2,4.5,26.8,4.8,6.9
752,2019-05-16,1421,23.5,16.7,30,,1.5,43.8,1001.9,25.2,2.5,29.9,5.7,8.1
753,2019-05-17,1629,23.6,17.6,28.3,,1.2,44.9,1002.2,14.7,7.5,26.1,3.6,5.1
754,2019-05-18,1531,22.8,19.1,25.9,0,2.1,46.8,1001.8,16.3,8.5,28.2,3.7,5.2
755,2019-05-19,1697,19.4,17.9,21.6,22,1.2,93,998.8,5.2,10,20.4,1.2,1.7
756,2019-05-20,1698,16.4,13,20.2,8.7,3.4,63.6,994.9,25,4.5,18.6,4.8,6.9
757,2019-05-21,1533,17.2,11.7,23.8,,2.9,52,995.2,28.9,0,21.8,6.1,8.7
758,2019-05-22,1973,19.5,12.3,26.5,,2.4,46,995.3,27.5,1.4,25.1,6.7,9.6
759,2019-05-23,1856,22.1,15,29.2,,1.7,45,998.4,27.4,0,28.5,6.4,9.1
760,2019-05-24,1715,24.2,16.2,33.4,,1.7,46.4,1000.8,26.1,1.4,30.6,6,8.5
761,2019-05-25,1543,23.4,18.4,28.6,,1.6,45.6,1005,18.8,7.9,26.7,4.9,7
762,2019-05-26,1523,24.5,18.6,31.1,,1.8,39,1003.7,25.8,6,30.5,5.9,8.5
763,2019-05-27,1724,17.8,14.3,22.3,7.1,2.4,80.9,994.5,2.3,8.6,18.2,1.3,1.8
764,2019-05-28,1310,18.1,11.9,24.6,,2.6,45.9,1000.7,28,2.1,21.8,6.3,9
765,2019-05-29,1975,20.3,13.3,26.5,,2,48.4,999.7,28.5,0.4,26.2,6.4,9.2
766,2019-05-30,2127,19.6,14.6,24.5,0,2.4,48,1000.7,18.3,7.9,23.8,4.7,6.7
767,2019-05-31,1596,19.1,16.1,23.3,,2.8,49.6,1000.3,27.5,2.3,26.5,5.5,7.9
768,2019-06-01,1859,18.9,14.8,23.7,,1.9,60.5,1000.1,21.1,5.5,24.8,4.1,5.9
769,2019-06-02,1824,21.1,14.1,27.8,,1.7,42.1,997.6,26.5,0.6,27.8,5.9,8.4
770,2019-06-03,1858,23.1,16,29.5,,1.8,42.9,997.9,25.6,0.6,30.1,5.7,8.2
771,2019-06-04,1933,22.6,17.6,29,,2.2,56.4,999.3,26.2,3,29.9,5.5,7.9
772,2019-06-05,1927,23,17.8,29.6,,1.8,63.8,1001.8,24.1,5.4,31.4,5,7.2
773,2019-06-06,1805,21.2,18.6,25.1,7.5,1.2,75.9,999.9,5.3,9.1,22.4,1.2,1.7
774,2019-06-07,1867,20,17,24.7,35.3,1.9,77.3,993.5,13.4,7.4,21,3.1,4.4
775,2019-06-08,1902,21.9,16,27.6,,1.4,57.5,997.9,21.1,5.9,22.8,4.1,5.8
776,2019-06-09,2399,21.6,17.1,26.5,2.5,1.8,66.1,995.5,16.9,8.9,23.7,3.2,4.6
777,2019-06-10,2214,18.4,15.7,21.9,9.5,1.6,70.3,997.3,11,8,19.7,2.6,3.7
778,2019-06-11,1867,20.5,15.5,26.1,,1.4,51.1,998.8,21.6,3.5,21.9,4.3,6.1
779,2019-06-12,2216,21.5,16.1,26.4,,1.8,57.1,1000.3,25.3,1.1,24.4,5.1,7.3
780,2019-06-13,2247,23,16.6,28.8,,1.7,51.9,999.7,27.4,3.1,27.2,5.7,8.2
781,2019-06-14,2313,23,19.1,28.4,,1.8,54.8,995.3,19.5,6.1,27,5,7.2
782,2019-06-15,2047,21.9,17.9,27.4,2.1,2.4,61.5,990.5,25.9,3.1,26,5.2,7.5
783,2019-06-16,2201,22,16.1,27.2,,1.6,55.4,996.7,22.5,3.9,24.7,4.6,6.5
784,2019-06-17,2827,21.7,18.1,26.2,0,2.3,59.1,1001.8,25.4,4.5,28.2,4.6,6.6
785,2019-06-18,2864,20.8,17,24.8,13.8,1.5,78.6,1000.3,11.3,9.5,22.5,2.2,3.2
786,2019-06-19,3026,21.4,18.9,25.4,0.2,1.9,77.8,997.8,11.2,9.4,23,2.5,3.5
787,2019-06-20,3427,22.7,19.8,27.8,,1.9,70.6,997.1,20.9,8,25.9,3.9,5.6
788,2019-06-21,3624,22.1,19.4,26.1,0.2,1.7,72.9,996.1,12.5,7.3,25.2,3,4.3
789,2019-06-22,3909,24.2,17.7,30.6,,1.5,42.3,996.5,27,2.1,28.8,5.9,8.5
790,2019-06-23,3499,25,19.1,31,,1.8,40.4,998.2,26.1,3,30.7,5.9,8.4
791,2019-06-24,3676,25.2,20.9,30.9,,2,46.9,1001.9,27.6,1.6,32.4,6.2,8.8
792,2019-06-25,3651,25.6,19.5,32.8,,1.6,49.1,1004.2,27.1,1.3,32.6,5.9,8.4
793,2019-06-26,4436,25.5,20.7,29.5,0,1.3,52.6,998.4,12.1,9.5,29.3,2.7,3.9
794,2019-06-27,3666,25.5,21.9,31.2,1.4,1.4,70.5,990.9,14.8,8.3,29.5,3.3,4.7
795,2019-06-28,5309,24.7,22.3,29,0,1.7,67.3,991.9,10.9,8.5,29.6,2.4,3.4
796,2019-06-29,4744,23.1,19.6,27.7,1.5,1.2,72,988.3,12.5,8.1,24.4,2.8,4.1
797,2019-06-30,5113,23.9,20.9,28.5,0,2.3,73.5,990.7,16.3,6.9,28.3,3.3,4.8
798,2019-07-01,5525,23.9,20.6,28.9,,2.3,64.4,995.4,20.3,4.9,29.6,4.5,6.5
799,2019-07-02,5547,24.4,20.8,30.1,,2.3,63.5,998.8,21.1,4,30,4.7,6.7
800,2019-07-03,5555,24.1,21.2,27.4,,1.7,64.6,998.1,12.6,6.4,26.9,3.1,4.4
801,2019-07-04,5538,25.4,20,32.8,,1.9,59.6,996.5,27.4,2.4,32.8,6.4,9.2
802,2019-07-05,5994,27.6,20.2,35,0,1.5,42.1,993.2,24.8,3.8,32,6.1,8.7
803,2019-07-06,5791,29.7,24.6,36.1,,1.7,40.9,994.1,25.9,3.4,37.1,6.7,9.5
804,2019-07-07,5374,26.7,22.7,32.5,,2.2,43.3,997.5,22.4,7.5,33.8,5.6,8
805,2019-07-08,4811,25.1,21.2,31,,2,46.6,997.9,20.5,6,32.9,5.5,7.8
806,2019-07-09,4802,25,19.7,30,,1.8,46.4,996.7,18.2,4.9,29.8,4.6,6.5
807,2019-07-10,4600,22.7,19.3,27.3,8.5,2,64.1,997.3,13.4,8.4,26.8,2.7,3.8
808,2019-07-11,4951,21.9,19.5,25.9,2.9,1.3,76.9,995.2,8.6,9.9,23.2,2,2.8
809,2019-07-12,4828,23.6,20,28.7,,2,65.5,996.3,18.4,6.8,26.1,3.8,5.4
810,2019-07-13,5670,24.9,22.1,29.7,0,1.7,67.3,992,15,6.4,28.3,3.4,4.9
811,2019-07-14,5523,25.9,21.2,31.6,,1.6,64.6,992.6,20.4,4.5,29.4,4.2,6.1
812,2019-07-15,6137,23.8,22.1,27.4,7.7,1.1,80,997.2,7.3,7.5,24.6,1.5,2.1
813,2019-07-16,4599,24.7,21.4,28.8,6.3,1.3,79,1000.7,13.4,7.3,25.7,2.7,3.9
814,2019-07-17,5116,25.6,22.3,29.2,0.7,1.2,73.9,1001.2,11.2,9,26.4,2.2,3.2
815,2019-07-18,5144,26.9,23.3,32.1,,1.2,65,998.7,12.8,6.4,26.5,3.3,4.7
816,2019-07-19,5566,28.6,22.8,35,0,1.5,61.3,996.4,21.8,4.6,30.9,4.8,6.9
817,2019-07-20,4361,28,25.1,31.9,1.1,2.1,66.9,990.8,10.9,9.5,28.4,2.7,3.9
818,2019-07-21,3667,25.1,24.2,27,6.2,2.2,87.1,991.8,6.2,9.4,26.6,1.6,2.2
819,2019-07-22,4437,26.7,24.2,31,0.1,2.2,74.6,996.3,13.1,7.5,26.9,2.9,4.2
820,2019-07-23,4675,28.1,24.4,32.9,,1.7,70.8,995.3,13.3,8.6,29.3,3.1,4.4
821,2019-07-24,4418,26.5,25.2,27.2,1,1.6,82.3,994.5,3.2,9.6,26.5,1,1.4
822,2019-07-25,3046,26.3,25.6,27.4,9.7,1.2,90.1,994.6,3.5,9.9,26.6,0.8,1.2
823,2019-07-26,4017,25.1,23.7,25.9,60,1.7,95.3,993.9,2.4,9.9,25.4,0.8,1.1
824,2019-07-27,3552,28.4,24.9,33.4,0.6,1.3,76.6,995.7,15.3,7.6,29.6,3.2,4.5
825,2019-07-28,4158,26.1,25,28.2,25.6,2.2,88.3,998.2,2.9,9.8,26.4,1.1,1.5
826,2019-07-29,3500,27.5,25.6,30,0.5,2.6,74.5,999.2,9.4,8,27.5,2.8,4
827,2019-07-30,3068,28.1,26.3,30.8,1.2,3.4,75.3,997.1,8.3,8.8,27.2,2.4,3.5
828,2019-07-31,3431,25.8,24,27.5,62.3,2.2,91.1,999.3,3,9.8,25.7,0.8,1.2
829,2019-08-01,2904,26.3,23.5,30.1,26.9,1.7,86.4,1002,13.6,7.8,26.7,2.6,3.8
830,2019-08-02,2534,28.4,24.7,33.1,,1.2,74.6,1001.8,15.7,3.5,28.8,3.6,5.1
831,2019-08-03,2482,29.4,25.6,36,3,1.3,69,1001,21,3.6,30.5,4.4,6.3
832,2019-08-04,2281,28.3,25,34.4,8.6,1.2,75.9,1000.9,17.5,5.8,29.6,3.6,5.1
833,2019-08-05,2378,30.5,25.6,35.9,,1.1,65.5,999.7,20.7,2.5,30.5,4.6,6.6
834,2019-08-06,2290,31.6,27.9,36.8,,1.5,51.4,996.9,22.9,6.8,31.7,5.2,7.4
835,2019-08-07,2028,26.9,23.9,30.3,8,1.2,78.1,995.6,6.9,8,27.5,1.6,2.2
836,2019-08-08,1958,28.9,25.9,32.7,0,1.6,71.4,998.3,15.9,6.6,29.7,3.6,5.2
837,2019-08-09,2024,29.8,26,34.6,,1.3,69,997.7,19.4,4.9,30.3,4.2,6
838,2019-08-10,2283,31.5,26.6,36.5,,1.5,57.9,996,22.7,5.1,33.1,5.7,8.1
839,2019-08-11,2350,30.4,26.3,35.7,6.7,2.5,53.6,992.2,21.5,6.8,33.2,5.2,7.4
840,2019-08-12,2115,26.6,24.8,28.5,56.2,1.3,91.8,990.7,4.8,8.9,26.8,1.1,1.6
841,2019-08-13,2012,29.2,25.1,35.3,6.4,1.5,76.9,992.7,16.9,7.4,30.7,3.9,5.6
842,2019-08-14,2646,30.4,25.9,35.7,,1.5,63.9,990.2,21,4,30.5,4.7,6.7
843,2019-08-15,2073,25.9,23.9,28.6,16.2,1.3,82,983.8,5.5,9.1,27,1.1,1.6
844,2019-08-16,1596,25.9,23,29.5,0.1,2.2,74.5,985.6,14.1,6.3,27.3,3.4,4.8
845,2019-08-17,2183,25.9,23.4,28.8,0,2.5,69.5,991.5,13.3,5,26.9,3.2,4.6
846,2019-08-18,1935,25.6,22.6,30.7,,1.7,66.5,996.9,18.6,4.5,28.1,4,5.7
847,2019-08-19,2134,26.3,21.2,31.3,,1.1,60.6,999.7,18.2,4.6,27.2,3.8,5.4
848,2019-08-20,2505,28.2,23.2,32.8,,1.5,56.3,999.9,21.1,2.6,30.2,4.5,6.4
849,2019-08-21,2565,27,24.4,30.4,1.3,1.2,67.3,998.5,11.4,7.6,29.2,2.5,3.6
850,2019-08-22,2679,26.9,23,31.4,,1.7,66.5,996.5,23.2,6.3,31.5,5.1,7.2
851,2019-08-23,3312,26.2,22.7,30.5,,2.1,58.4,998.4,23.8,4.4,31.7,5.5,7.9
852,2019-08-24,3226,24.1,21.5,27.3,,1.5,60.9,1000.6,8.3,5.5,26.7,2.2,3.2
853,2019-08-25,2481,25,20.2,29.9,,1.5,66.6,1002.8,17.9,3.4,30.9,3.9,5.6
854,2019-08-26,2651,26.4,21.5,32.1,,1.2,63.8,1002,18.4,6.4,31.5,3.6,5.1
855,2019-08-27,2835,25.7,22.2,29.3,20,1,71.1,997.7,13.2,8.1,26.4,2.8,4
856,2019-08-28,2604,26.1,23.6,30.2,,1.9,66.2,996.6,,5.9,27.7,2,2.9
857,2019-08-29,2911,23.4,20.1,26.4,36.9,2.2,77.1,995.9,,5.6,25.9,2.2,3.2
858,2019-08-30,2591,22.6,19.5,27,0.2,2.4,66.3,998.8,17.8,5.3,24.1,4,5.7
859,2019-08-31,2559,23.5,18.5,28.9,,1.9,65,1003.4,21.1,2.3,25,4.3,6.1
860,2019-09-01,2352,23.7,19.2,27.8,,1.4,64,1006.8,15.2,6.1,23.8,3.1,4.4
861,2019-09-02,2506,24.4,19.4,29.7,,1.6,56.6,1006.5,16.9,6.1,24.8,3.7,5.3
862,2019-09-03,2742,24.1,22,28,0,2.3,67.6,1005.3,11.6,8.5,26.3,2.9,4.1
863,2019-09-04,2564,22.8,21.2,25.5,22.7,2.5,89,1003.1,5.7,9.3,23.5,1.1,1.6
864,2019-09-05,2900,23,21.5,27.6,36.4,2,91.4,1001.9,6.1,9,23.7,1.4,1.9
865,2019-09-06,2914,25.3,21.6,29.1,2.4,2.1,79.8,999.2,9.3,10,25.5,2.6,3.7
866,2019-09-07,3141,25.7,22.6,29.5,2.8,6,72.9,987.7,3,10,24.1,2.3,3.3
867,2019-09-08,3008,24.7,22.9,27.3,0,1.9,76.9,998.3,9.3,9.3,25.1,1.9,2.8
868,2019-09-09,3361,25.1,22.4,28,0,1.7,74.3,1000.6,10,9.3,25.2,2.3,3.3
869,2019-09-10,3310,23.8,22.1,26.5,63.2,2.4,93.4,1001.7,5.7,9.8,24.4,1.3,1.9
870,2019-09-11,2797,24.3,20.4,28.7,7.6,3.1,71.4,1004.6,16.6,7.9,24.9,4.1,5.9
871,2019-09-12,2580,21,18.7,22.9,3.9,2.6,72.3,1006.6,4.1,9.8,21.9,1.8,2.6
872,2019-09-13,2518,23.3,18.3,29.3,0.1,1.7,60.4,1003.6,21.4,4.3,24.4,3.9,5.6
873,2019-09-14,3337,22.4,20.8,24.1,0.3,1.2,80,1001.6,3.3,8.8,22.9,1.1,1.6
874,2019-09-15,2530,24.2,19.5,30,,1.7,70.4,1000.8,18.2,5.5,25.2,3.6,5.1
875,2019-09-16,3592,24.5,20.7,30.5,,2.1,53,1001,19.9,3.6,27.4,5.6,8
876,2019-09-17,3865,23.5,18,29,,2.1,41.6,1004.7,20,6.4,25.4,4.8,6.8
877,2019-09-18,3058,21,16,25.4,,3.1,46,1006.7,21.9,1.1,25.4,5.6,8.1
878,2019-09-19,2935,19.5,13.6,26,,1.9,46.5,1008.2,19.8,3.5,23.3,4.1,5.9
879,2019-09-20,2534,19.6,15.8,24.2,,2.1,52.8,1007.5,8.6,9.4,21.5,2.7,3.9
880,2019-09-21,2677,19.6,18.3,22.1,,2,60.3,1009.1,4.4,9.6,20.8,1.9,2.7
881,2019-09-22,2193,18.6,17.3,19.6,0.4,3.8,63.4,1003.2,3.2,9.4,18.5,2.6,3.6
882,2019-09-23,2704,20,16.9,24.6,,2.2,51.1,1004.4,16.9,3.1,20.2,3.4,4.9
883,2019-09-24,2283,19.8,13.9,26.5,,1.8,61.3,1008.6,20.2,0,23,4.2,6
884,2019-09-25,2344,20.9,14.8,27.4,,1.4,64.4,1011.7,16.4,5.9,23.4,3.1,4.4
885,2019-09-26,2392,22.9,17.7,29,,1.9,59.3,1013.6,15.5,8.4,25.1,3.5,5
886,2019-09-27,2521,22.9,19.6,27,,1.9,57.5,1012.1,10.4,8.6,24.4,2.8,4
887,2019-09-28,2393,23.7,19.4,29.2,,1.7,58.9,1008.1,16,3.8,25.8,3.3,4.8
888,2019-09-29,2592,22.6,17.9,28.6,,1.7,60.6,1006.7,18.8,0.3,24.7,4.3,6.2
889,2019-09-30,2631,22.4,16.4,29.9,,1.6,61,1006.8,18.4,0,24.3,4,5.7
890,2019-10-01,2569,23.1,17.6,28.2,,1.8,67.1,1007.9,13.1,6.8,24.5,2.8,3.9
891,2019-10-02,2493,21.6,20,24.2,23.1,3,88,1001.7,3.4,9.9,22.2,1,1.5
892,2019-10-03,2445,22.4,19.8,27.3,4.6,2.8,73.4,996.4,10.1,6.3,22.6,2.6,3.7
893,2019-10-04,2503,22.4,18,27.8,,2.1,71.5,1002.4,16.2,3.6,22.9,3.1,4.5
894,2019-10-05,3150,18.7,14.7,21.9,0.6,2.9,72.6,1006.1,8.2,7,20.8,2.5,3.6
895,2019-10-06,2136,18.1,13.2,22.7,,2.9,53.4,1012.3,16.2,6.1,19.1,3.1,4.4
896,2019-10-07,2471,14.8,13.3,17.9,25.4,1.8,92,1007.9,1.5,9.5,16.7,0.6,0.8
897,2019-10-08,731,14.7,10.6,19.8,,2.6,58.8,1008.2,16.8,2.6,16.7,3.9,5.6
898,2019-10-09,847,13.6,7.7,20.4,,1.7,48.3,1009.5,17.4,1.9,14.1,3.4,4.9
899,2019-10-10,861,15.2,10.7,19.8,,1.3,60.9,1006.3,8.1,9,16,1.7,2.4
900,2019-10-11,1111,18.8,13,26.1,,1.9,60,1005.2,16.4,0.9,18.4,3.8,5.5
901,2019-10-12,1872,17.9,13.3,23.3,,3.5,49.3,1008,17.4,0.6,18.2,4.7,6.7
902,2019-10-13,1573,17.2,12.1,23.8,,1.9,52.6,1012.2,16.5,2.1,17.8,3.2,4.6
903,2019-10-14,1135,14.4,9.5,19.6,,2.5,56.9,1014.8,14.5,1.9,17.1,3.3,4.8
904,2019-10-15,609,14.5,8.8,20.4,,1.6,55.6,1017.6,14.1,3,14.5,2.5,3.6
905,2019-10-16,624,14.6,9,20.8,,1.6,58.3,1016,15.6,5.3,16.3,3,4.3
906,2019-10-17,874,15.4,11.2,21.6,,1.7,56,1014.1,12,4.8,17.2,2.8,3.9
907,2019-10-18,707,17,12,22.7,,2.4,58.3,1011.9,12.1,7.1,17.4,2.9,4.1
908,2019-10-19,1244,17,12.1,23.1,,1.8,63.8,1010.4,15.2,0.8,17.5,2.8,4
909,2019-10-20,896,17,12.1,23.1,,1.8,63.8,1010.4,15.2,0.8,17.5,2.8,4
910,2019-10-21,901,17,12.1,23.1,,1.8,63.8,1010.4,15.2,0.8,17.5,2.8,4
911,2019-10-22,936,17,12.1,23.1,,1.8,63.8,1010.4,15.2,0.8,17.5,2.8,4
912,2019-10-23,"1,004",17,12.1,23.1,,1.8,63.8,1010.4,15.2,0.8,17.5,2.8,4
913,2019-10-24,"1,125",17,12.1,23.1,,1.8,63.8,1010.4,15.2,0.8,17.5,2.8,4
914,2019-10-25,"1,276",17,12.1,23.1,,1.8,63.8,1010.4,15.2,0.8,17.5,2.8,4
915,2019-10-26,725,17,12.1,23.1,,1.8,63.8,1010.4,15.2,0.8,17.5,2.8,4
916,2019-10-27,181,17,12.1,23.1,,1.8,63.8,1010.4,15.2,0.8,17.5,2.8,4
917,2019-10-28,266,17,12.1,23.1,,1.8,63.8,1010.4,15.2,0.8,17.5,2.8,4
918,2019-10-29,439,17,12.1,23.1,,1.8,63.8,1010.4,15.2,0.8,17.5,2.8,4
919,2019-10-30,206,17,12.1,23.1,,1.8,63.8,1010.4,15.2,0.8,17.5,2.8,4
920,2019-10-31,185,17,12.1,23.1,,1.8,63.8,1010.4,15.2,0.8,17.5,2.8,4
921,2020-05-01,842,20.2,16.4,26.2,,2.7,73.6,1003,19,6.6,25.7,3.7,5.3
922,2020-05-02,861,20.3,18,23.9,0,2.3,79.6,1001.3,9.4,9,22.7,1.9,2.8
923,2020-05-03,896,21.8,17,27.4,0,2,68.8,996,19.4,7,26.7,4.1,5.9
924,2020-05-04,1304,20.2,14.8,25.3,,2.7,63.9,998.1,25.4,3.4,28.9,5,7.1
925,2020-05-05,1090,16,13.1,19.3,,1.9,67.9,1001.5,9.4,5.4,17.1,2.2,3.2
926,2020-05-06,902,19.4,11.1,27.6,,2.1,50,1003.7,28.5,1.8,26.5,7,10.1
927,2020-05-07,1367,20.7,14.9,26.5,,2.5,32.5,1007.1,23.9,6.8,25.7,6.1,8.7
928,2020-05-08,1552,19.9,14.3,27.3,2.3,2.4,32.8,1004.4,23.3,7.4,27.3,5.7,8.1
929,2020-05-09,831,14.2,12.7,16.8,24.4,3.6,94.4,994.8,3,10,15.1,0.6,0.9
930,2020-05-10,785,14.4,12.8,16.6,1.3,2.5,88.6,997,6.8,9,15.7,1.5,2.1
931,2020-05-11,1176,16.5,12.4,22,3.4,3,61,997.7,23,8.1,20.2,4.8,6.8
932,2020-05-12,1625,14.3,10.5,18.9,0.7,2.9,69.4,995.1,13.6,3.3,17.6,2.7,3.9
933,2020-05-13,1328,16.1,10.2,21.8,,2.8,47.3,1005.1,29.7,0.6,20.5,6.4,9.1
934,2020-05-14,1656,19.3,12.4,25.4,,2,35.4,1006,20.6,8.3,21.8,5,7.1
935,2020-05-15,1813,16.1,14.1,20.2,12,3,81.4,998.8,3.4,10,15.9,0.7,1
936,2020-05-16,979,16.7,15,20.3,2.5,1.6,90.3,996.6,7.6,9.5,18.3,1.3,1.9
937,2020-05-17,1434,19.1,14.6,24.9,0,1.7,80.1,995.3,15.3,7.1,21.2,2.6,3.6
938,2020-05-18,1952,19.1,13.2,26.8,29.8,2.4,79.4,988.4,14.1,8.5,21.6,2.8,4
939,2020-05-19,1338,13,10.1,17.1,19,3.2,73.6,990.7,15.3,7.6,16.1,2.9,4.1
940,2020-05-20,1010,14.4,9.2,20.1,0,1.9,60.4,1001.7,20.9,6,17.3,3.9,5.5
941,2020-05-21,1540,17.4,10.9,22.9,,2.1,56.1,1004.4,24.4,4.8,20.5,4.1,5.9
942,2020-05-22,1890,18.5,14.8,22.7,0,1.9,68.5,1002.7,13.1,8.6,20,2.6,3.7
943,2020-05-23,1976,20.1,16.6,25,0,2.2,66.1,1001.1,23.2,7.4,23.3,4.1,5.9
944,2020-05-24,2141,17.1,14.3,20.2,14.5,2.9,84.8,999.6,10.6,8.4,19,1.8,2.6
945,2020-05-25,1874,16.6,13.7,21.3,,2.1,81,1002.3,16.9,8.1,20.3,2.8,4
946,2020-05-26,2200,16.2,12.7,22.9,1.5,2.1,81.9,999.4,18.5,7.8,19.2,3.2,4.6
947,2020-05-27,2126,17.4,11.8,23.9,,2.6,68.5,999.3,30.1,1.5,21.4,5.1,7.2
948,2020-05-28,2571,18.7,14.2,23.4,0,1.9,62.8,999.6,22.8,3.9,20.5,4.3,6.2
949,2020-05-29,3024,20.7,14.6,27.6,,2,65.6,1004.9,28.1,1.3,24.3,5.3,7.6
950,2020-05-30,3183,22.6,16.5,30,,1.9,57.3,1006.1,26.5,1.1,27.6,5.5,7.8
951,2020-05-31,3038,21.2,17.6,28,1,2.3,63,1001.4,19.2,8.5,25.7,4.1,5.9
952,2020-06-01,3288,19.7,16.6,24.5,0.4,3.4,64.3,999.7,30.4,3.8,26.6,5.9,8.4
953,2020-06-02,3610,17.9,14.8,21.8,2,2.2,71,997.4,5.9,9.3,18.3,2,2.9
954,2020-06-03,3106,22,17.6,28.4,,2.4,73.3,993.9,24.6,5.8,27.1,4.5,6.5
955,2020-06-04,3568,21.9,19.7,26.5,0.2,2.7,81.1,994.1,19.8,8.4,26.8,3.7,5.3
956,2020-06-05,3771,23,18.4,28.7,,1.8,69.4,997.2,23.4,5.5,29.8,4.7,6.8
957,2020-06-06,3982,24.6,19.2,30.9,,2,63.6,998.1,23.4,2.3,31.4,4.7,6.7
958,2020-06-07,3564,22.7,19.2,29.2,,2.3,69.4,1001.9,26,3.3,30.2,5.3,7.5
959,2020-06-08,3621,25,19.8,32,,2.1,63.6,1004.6,26.1,3,32.7,5.9,8.5
960,2020-06-09,3263,26.7,20.3,32.8,,2.3,51.6,1004.3,28.4,3,34.1,6.5,9.3
961,2020-06-10,3266,25.8,22.5,32.1,6.2,2,63.8,998.9,18.9,9,32.8,4.1,5.8
962,2020-06-11,3087,26.1,21.7,31.6,0,2.2,68.3,993.7,26,5.8,30.1,5.8,8.3
963,2020-06-12,3646,24.7,21.6,27.6,,1.7,68.6,995.1,11.5,8.1,25.8,2.9,4.1
964,2020-06-13,3297,26.9,20.6,33.5,0,1.9,52.8,994.3,28.1,5.5,34.6,6.5,9.2
965,2020-06-14,2824,24,20.1,28.8,1.1,2.9,70.6,994.3,22.5,4.4,29.6,4.9,7
966,2020-06-15,3102,23,18.2,28.6,,2.8,62.3,996.4,26.5,6,31.1,6,8.6
967,2020-06-16,3148,24.4,20,30.7,,2.2,63,995.7,24.7,6,32.2,5.5,7.8
968,2020-06-17,2997,24.3,20.2,30.3,,2,58.6,995.3,21.3,7.4,31.1,4.6,6.6
969,2020-06-18,3417,23.4,20.3,27.3,,1.6,61.4,993.1,11,9,26.7,2.8,3.9
970,2020-06-19,3220,24.7,21.1,30,0.1,2.1,61.4,996.4,19.6,6.3,29.6,4.5,6.4
971,2020-06-20,3476,24.9,20.7,29.7,,2.1,62.6,1000,24.8,0.9,31.9,5.3,7.6
972,2020-06-21,3059,26.1,19.5,32.7,,2,59.5,998,27.8,0.1,34.1,6.2,8.8
973,2020-06-22,2865,28.6,21.7,35.4,,2,50.5,998,29,1.6,36.3,7.2,10.3
974,2020-06-23,2393,27.3,23.2,31,0,1.9,53.5,998.3,17,7.5,32.1,4.1,5.8
975,2020-06-24,2355,22.3,19.9,26.3,37.6,2.7,83.5,993.1,2.9,10,22.7,0.8,1.2
976,2020-06-25,1888,21.6,20.1,23.4,13.3,2.2,91,991.8,6.1,10,23,1.2,1.8
977,2020-06-26,2035,21.8,19.2,25.7,2.1,3.2,82.1,996.5,13,8.3,22.9,2.8,4
978,2020-06-27,2917,24.1,20.4,29.6,0,2,70.4,995.5,22.2,6.1,25.2,4.6,6.6
979,2020-06-28,2800,25.2,21.5,30.1,,2.4,70.5,994.8,28.6,1.9,28.6,5.5,7.9
980,2020-06-29,2822,23.8,20.6,26.5,11.9,2.4,77,991.8,8.4,8.6,23.9,1.8,2.6
981,2020-06-30,2181,20.1,18.4,23.1,64.7,4,83,984.3,6.2,10,20.8,1.8,2.6
982,2020-07-01,2341,21.1,18.1,24.3,0,1.9,79.3,995,9.5,7.6,21.3,1.9,2.7
983,2020-07-02,2898,24.2,20.4,29.8,,1.9,74.5,1000.9,19.2,6.6,24.5,4,5.7
984,2020-07-03,2971,25.5,21.6,30.6,0.1,2.6,63.5,1000.5,27.5,6.8,28.6,6,8.5
985,2020-07-04,3331,24.2,20.4,29.5,1.6,2.1,63.9,997,26.9,7.6,28.2,5.3,7.6
986,2020-07-05,3267,23.8,19.9,27.6,,1.9,68.6,994.5,20.9,5.3,26.7,4.1,5.9
987,2020-07-06,3183,25.6,21.8,30.9,,2.1,66.6,991.2,19.3,7.4,28.5,3.9,5.6
988,2020-07-07,3303,24.1,22.1,28.1,0,2.5,75.5,994.3,15.2,6.3,28.3,3.3,4.8
989,2020-07-08,3235,25.5,21.3,30.4,,2,71.9,994.8,25.8,2.9,30.5,5,7.1
990,2020-07-09,3689,27.5,21.8,32.9,,1.7,64.6,994,23.1,4.8,31.9,5,7.1
991,2020-07-10,3893,24.5,22.7,27.7,2.2,2.8,75,992.6,12.3,6.6,25.2,3.1,4.5
992,2020-07-11,3578,25.8,22.2,30.2,,2.6,62.6,997.5,21.8,7.3,29.7,5,7.1
993,2020-07-12,3824,23.5,21.7,26,2.9,2.4,71.9,999.3,7.7,9.1,25.3,1.8,2.5
994,2020-07-13,3036,18.7,17.7,21.7,47.6,4,94.8,993,4.6,10,20.1,0.9,1.3
995,2020-07-14,2574,20.3,17.2,24.3,11.5,2.8,79.4,993.9,12.5,9.9,22.6,2.7,3.9
996,2020-07-15,3240,23.4,18.9,28.7,,2,63.1,995.5,26.6,5.1,26.4,5.1,7.2
997,2020-07-16,3795,25,20.4,29.7,,1.8,70.9,997,25.8,4.1,27.4,4.9,7
998,2020-07-17,3847,26,21.5,31.6,0,1.9,72,998.3,22.3,4.5,28.3,4.3,6.2
999,2020-07-18,3225,26.1,22.8,31,,1.6,71.6,998.4,15.5,5.4,27.9,3.2,4.6
1000,2020-07-19,3634,24,20.6,26.6,29.1,2.7,81.6,994.9,4.9,9.9,22.9,1.4,2
1001,2020-07-20,3589,23.8,22.4,26.6,3.6,3.7,86.3,995.9,5.2,9.6,23.8,1.4,2
1002,2020-07-21,3851,25,21.4,30.5,0,1.6,77,1001.8,17.8,6.3,25.6,3.4,4.8
1003,2020-07-22,3628,23.7,22.6,25.7,11.5,1.6,89.3,999.9,4.5,9.8,24,1,1.5
1004,2020-07-23,3540,21.1,18.5,22.6,103.1,3.6,95.5,995.7,2.7,10,21.8,1.1,1.6
1005,2020-07-24,2089,22.5,18.7,26.8,2.9,4.6,74.3,989.3,10.5,9.3,21.2,2.8,4
1006,2020-07-25,3035,24.3,22.3,29,0,3.1,69.3,993.6,15.6,7.8,23.9,4.1,5.9
1007,2020-07-26,2663,25.4,21.6,29.6,0,2,69.3,997.4,18.1,7.4,25.6,3.2,4.6
1008,2020-07-27,3221,24.3,22.9,25.5,2.2,2.2,86.4,998.6,7.7,10,25.2,1.6,2.3
1009,2020-07-28,2646,24.4,22.7,26.4,0.4,2,84.8,1000.5,8.4,9.9,25,1.6,2.3
1010,2020-07-29,2884,23.7,22.6,24.9,50.1,2,95.8,1002,3.2,10,23.9,0.7,1
1011,2020-07-30,2143,25.3,23.4,28.4,0.1,2.1,85.5,1003.4,15.3,8.3,26.9,3.1,4.4
1012,2020-07-31,3043,26.2,22.8,29.6,1.5,2,81.9,1003.9,14.5,6.9,27.2,2.5,3.5
1013,2020-08-01,3187,25.3,24.3,26.9,39.1,1.7,90.9,1000.5,5.3,9.8,25.7,1.1,1.6
1014,2020-08-02,3183,24.9,23.5,26.4,31.4,2.3,96.3,997.8,2.6,10,25.2,0.7,1
1015,2020-08-03,2401,25,23.9,26.3,102.6,3,96.3,998.4,3.1,10,25.1,0.8,1.1
1016,2020-08-04,1902,27,25,29.4,3.9,3.5,89.3,1000.9,8.1,9.6,26.9,1.7,2.5
1017,2020-08-05,2302,26.5,25.5,29.1,18.5,1.9,92.1,1000.8,5,9.8,26.7,1,1.5
1018,2020-08-06,2378,24.1,22.9,26,75.7,3.3,92.8,995.4,6.7,8,24.8,1.3,1.9
1019,2020-08-07,2101,24.3,22.6,26.1,0,1.8,85.3,996.9,6.7,9,24.8,1.7,2.4
1020,2020-08-08,2233,24.2,22.7,26.1,19.1,2.3,89.5,993.2,7,9.1,24.9,1.1,1.5
1021,2020-08-09,2236,24.9,23.7,25.8,50.3,2.6,95.4,992.5,1.4,9.8,24.3,0.6,0.9
1022,2020-08-10,2122,26.5,24.7,29.5,44.6,2,91.6,993.8,7.8,9.9,26.4,1.5,2.1
1023,2020-08-11,1907,24.6,22.4,27.3,97,2.2,92.5,999.6,7.4,9.5,25.2,1.6,2.3
1024,2020-08-12,2052,27.2,23.5,31.3,,1.9,83.9,1002.7,13.6,8.3,28.3,2.7,3.8
1025,2020-08-13,2533,28,26.3,30.3,,2.5,82.4,999.3,8,8.5,27.4,2.1,3
1026,2020-08-14,2293,27.1,26.5,28,0.4,3.5,86.1,995.8,4.1,9.3,26.3,1.1,1.6
1027,2020-08-15,2721,26.1,25,27,69,1.9,96,998.7,3.3,9.3,25.9,0.8,1.2
1028,2020-08-16,2389,27.4,25.3,30.8,,3,82.6,1001,14.3,8.3,27.9,3.1,4.4
1029,2020-08-17,3488,28.2,26.1,32.2,,2.3,77.9,1003.7,18.4,4.4,29,3.8,5.4
1030,2020-08-18,3211,27.5,24,31.9,,1.6,76.3,1003.2,19.8,2.8,29.1,4.1,5.8
1031,2020-08-19,3011,27.1,23.6,31.4,,2,76.8,1001.7,22.5,2.3,28.6,4.3,6.2
1032,2020-08-20,3247,27.7,25,31.7,,1.7,76,1002.4,15.2,6.4,27.6,3.1,4.5
1033,2020-08-21,3098,26.6,25.2,29.2,2.5,1.6,83.1,1003.9,8.7,8.8,27.6,1.9,2.7
1034,2020-08-22,2843,24.3,21.7,27.6,42.6,2.1,87.4,1002.5,7.6,9,25.2,1.3,1.8
1035,2020-08-23,2198,25.3,21.5,29.9,,1.9,78.4,998.7,18.7,6,27.2,3.8,5.4
1036,2020-08-24,3287,27.8,23.7,32,,2.2,71.6,995.2,20.3,5.9,28.6,4.2,6
1037,2020-08-25,3361,29.9,26,34.5,,2.1,69.5,995,21.2,5.9,30.5,4.8,6.9
1038,2020-08-26,3138,30.2,27,34.5,0.6,3.4,68.3,992.2,19.7,6.4,29.3,5,7.2
1039,2020-08-27,2250,27.1,25.6,28.6,8.7,3.6,84.6,991.3,5.5,9.9,27.2,1.4,2
1040,2020-08-28,2781,27.3,26,29.7,13.6,1.6,89.1,997.3,10.2,8.9,28.1,2.1,3
1041,2020-08-29,2869,26.8,25.5,29,13.6,1.3,90.1,999.2,8.7,8.4,28.7,1.4,2
1042,2020-08-30,2784,26.8,24.4,30.6,42.5,2.1,88.8,1001.6,12.9,7.9,28.1,2.7,3.8
1043,2020-08-31,2930,26.4,23.8,30,0,2.8,77.9,1002.4,12.3,8.8,27.2,2.9,4.2
1044,2020-09-01,3036,26.6,23.8,29.5,0,1.9,72.4,999.4,11.4,8.8,27,2.4,3.4
1045,2020-09-02,3515,24.3,22.6,26.4,33.3,2.3,91.3,993.7,3.3,9.6,25.3,0.9,1.2
1046,2020-09-03,2903,22.7,20,25.6,29.8,4.8,82,987.3,13.5,7.4,24,3.3,4.8
1047,2020-09-04,3628,23.3,19.9,27.5,,2.7,63.9,1002.2,21.2,1.6,23.7,4.5,6.4
1048,2020-09-05,3703,23.3,19.2,27.3,,2,66.6,1003.5,14.5,8,23.4,2.9,4.2
1049,2020-09-06,3600,21.7,19.5,24.4,6.4,2.7,80,999.3,7.1,9.4,22.7,1.8,2.5
1050,2020-09-07,2471,19.2,17.5,20.6,61,4.2,93.5,983.1,3.4,10,20.1,1.2,1.7
1051,2020-09-08,2678,23.4,20.6,26.5,0,4.2,71.5,998.7,21.9,5.4,23.1,4.4,6.3
1052,2020-09-09,3532,21.1,19,25.3,1.3,2.1,83.4,999.9,12.3,7.6,22.2,2.2,3.1
1053,2020-09-10,2160,22.8,18.8,27,3.9,2,75.8,999.1,19.2,6.3,24.4,3.7,5.3
1054,2020-09-11,2864,22.4,19.2,27.1,1.2,2.8,72.6,1004.5,12.9,7.6,22.7,2.8,4.1
1055,2020-09-12,3002,20.2,18.1,23.2,5.7,2,83.8,,7.3,9.5,21.5,1.5,2.1
1056,2020-09-13,2611,21.5,16.7,26.6,,1.9,70.4,1005.7,20.5,2.8,24.1,3.8,5.4
1057,2020-09-14,3176,21.3,17.6,24.9,0,1.8,79.3,1004.4,13.9,4.6,22.8,2.5,3.5
1058,2020-09-15,3269,23,18.9,27.7,,1.6,76.4,1002.6,16.6,7.5,23.9,3.1,4.4
1059,2020-09-16,3946,22.5,21.3,24.9,0.3,1.9,79.9,999.6,6.2,9.4,22.2,1.4,2
1060,2020-09-17,3544,21.3,20.1,23.6,,2.1,70.3,1000.2,9.4,8.4,21.5,2.4,3.4
1061,2020-09-18,4127,21.5,18.1,25.8,,2.8,62,1002.7,21.2,3.1,22.4,4.8,6.8
1062,2020-09-19,3715,21.2,17.6,26.2,0.3,2.2,59.3,1004.9,21.3,1.5,21.8,4.7,6.8
1063,2020-09-20,3815,19.7,15.6,24.9,,2,57.6,1007,22.2,0,21.2,4.5,6.4
1064,2020-09-21,2983,19.1,13.6,25.3,,1.7,56.1,1008.1,19.5,4.5,20.6,4.1,5.8
1065,2020-09-22,2507,20.2,15.5,25.6,,2.8,55.3,1008.7,21.7,3.1,21.8,4.9,7.1
1066,2020-09-23,3142,19.2,15.2,23.8,,3.3,59.9,1008.2,17,7.6,20.8,4,5.8
1067,2020-09-24,3189,20.6,16.8,25.4,,3.7,59.6,1005.3,18.5,6.6,22,4.2,5.9
1068,2020-09-25,3366,20.1,16.6,25.4,,2.5,64.1,1003.7,13.4,4.9,21.5,3.2,4.5
1069,2020-09-26,3048,19.3,14.8,24.8,,2.4,62.5,1006.7,15.9,4,20.4,3.6,5.2
1070,2020-09-27,3088,20.4,14.9,25.8,,2,63.3,1008.5,18.7,1.1,21.4,3.7,5.2
1071,2020-09-28,2884,20.7,15.7,26.5,,2,66,1006.5,19.3,1.1,22,3.8,5.4
1072,2020-09-29,2921,19.6,15.3,23.9,,1.9,67.6,1001.6,14.8,6.8,20.7,2.8,4
1073,2020-09-30,2747,19.6,16.2,25.7,38.3,1.7,78,1000.6,14,7.1,21.1,2.6,3.7
1074,2020-10-01,2381,18.8,15.6,23.6,,2.1,74.9,1003.4,10.9,5.5,19.6,2.1,3
1075,2020-10-02,2972,19.2,16.3,21.9,0,2.3,79.6,1004.6,6.3,9.1,18.5,1.4,2
1076,2020-10-03,2479,19.9,18.3,23.2,0,1.6,72.5,1004.9,9.8,8,19.8,2.2,3.2
1077,2020-10-04,3240,16.6,10.6,21.8,0,2.8,65.1,1002.7,12.4,7.1,17.8,2.8,4
1078,2020-10-05,2031,13.3,8.5,18.4,,2.5,57.3,1007.9,19.4,2.3,14.5,3.6,5.1
1079,2020-10-06,1507,14.2,9.3,19.7,,2,55.9,1012.2,19.8,2.5,14.6,3.8,5.4
1080,2020-10-07,1668,16,9.9,22,,1.9,48.9,1015.8,17,3.8,14.9,3.7,5.3
1081,2020-10-08,1766,17.2,12.1,23.1,,3.1,53,1016.7,19.3,0.1,15.9,4.6,6.6
1082,2020-10-09,2326,17.2,12.4,23.3,,3,53.4,1013.2,18.6,4.6,16.6,4,5.8
1083,2020-10-10,2573,16.9,12.3,21.5,,2,60.1,1009.7,15.3,5.3,16.6,2.9,4.2
1084,2020-10-11,2291,16.9,12.7,20.8,,1.8,68.5,1006.1,11.5,5.8,16.1,2,2.8
1085,2020-10-12,1526,16.2,12.1,21.3,,2.2,68.6,1005.2,13.6,2.6,16.8,2.7,3.9
1086,2020-10-13,1834,13.6,8.6,18.4,,2.2,52.3,1010.7,14.2,3.5,14.2,2.8,4
1087,2020-10-14,1043,12.8,8.5,18,,2.4,47,1014.6,12.2,6.6,14.3,3.2,4.6
1088,2020-10-15,722,11.7,6.5,18.5,,1.5,41.8,1015.8,14.5,6.6,13.1,2.9,4.2
1089,2020-10-16,729,11.8,8.6,15.4,,1.5,64.3,1013.7,5.3,7.6,12.5,1.2,1.6
1090,2020-10-17,651,13.1,8.7,18.6,,1.8,64.3,1013,17.7,1,13.1,3.3,4.7
1091,2020-10-18,723,13.6,7.2,20.2,,2,65.5,1013.6,16,0.5,12.9,2.8,4
1092,2020-10-19,990,15.1,9.8,21.3,,1.7,74.4,1014.7,15.3,0,14.3,2.7,3.8
1093,2020-10-20,949,15.2,9.9,21.7,,1.6,67.1,1015.4,15.7,0.4,14.5,2.9,4.1
1094,2020-10-21,"1,089",15.2,9.9,21.7,,1.6,67.1,1015.4,15.7,0.4,14.5,2.9,4.1
1095,2020-10-22,982,15.2,9.9,21.7,,1.6,67.1,1015.4,15.7,0.4,14.5,2.9,4.1
1096,2020-10-23,519,15.2,9.9,21.7,,1.6,67.1,1015.4,15.7,0.4,14.5,2.9,4.1
1097,2020-10-24,270,15.2,9.9,21.7,,1.6,67.1,1015.4,15.7,0.4,14.5,2.9,4.1
1098,2020-10-25,358,15.2,9.9,21.7,,1.6,67.1,1015.4,15.7,0.4,14.5,2.9,4.1
1099,2020-10-26,536,15.2,9.9,21.7,,1.6,67.1,1015.4,15.7,0.4,14.5,2.9,4.1
1100,2020-10-27,535,15.2,9.9,21.7,,1.6,67.1,1015.4,15.7,0.4,14.5,2.9,4.1
1101,2020-10-28,884,15.2,9.9,21.7,,1.6,67.1,1015.4,15.7,0.4,14.5,2.9,4.1
1102,2020-10-29,695,15.2,9.9,21.7,,1.6,67.1,1015.4,15.7,0.4,14.5,2.9,4.1
1103,2020-10-30,543,15.2,9.9,21.7,,1.6,67.1,1015.4,15.7,0.4,14.5,2.9,4.1
1104,2020-10-31,454,15.2,9.9,21.7,,1.6,67.1,1015.4,15.7,0.4,14.5,2.9,4.1
1105,2021-05-01,388,10.2,8.5,15.3,8,2.7,80.8,995.6,11.9,9.4,12.4,1.8,2.6
1106,2021-05-02,151,12.4,7.3,18.7,1.7,3.1,67.9,1006.2,27.7,2.6,16.8,4.5,6.4
1107,2021-05-03,608,14.1,8.4,20.3,,2.1,56.4,1007.6,27.7,3.8,17.3,4.9,7
1108,2021-05-04,869,13.8,11.4,15.8,19.6,2.1,82.6,999.3,3.7,9.6,13.5,1,1.4
1109,2021-05-05,448,13.9,10.3,18.4,0.1,3.5,64.4,1002.3,28.3,2.6,17.6,4.7,6.7
1110,2021-05-06,717,15.7,7.9,23.1,,2.4,46.4,1005.1,23.8,4.8,16.8,4.9,7
1111,2021-05-07,1041,14.4,10.7,17.2,8.8,3.4,60.3,996,17.1,3.1,15.5,3.1,4.5
1112,2021-05-08,679,14.3,8.9,21,,3.4,66.1,994.4,23,1.1,16.9,4.4,6.3
1113,2021-05-09,1198,15.7,10,21.8,,3.5,51.3,999.3,30.4,0.3,18.2,6.2,8.9
1114,2021-05-10,1308,13.2,11.7,14.6,0,1.8,67.9,1003.2,4.7,8.6,13.5,1.5,2.2
1115,2021-05-11,787,18.5,9.4,25.7,,2.7,48.9,1003.1,27.2,6,18.7,6.6,9.5
1116,2021-05-12,1042,22,16.9,27.7,,2.2,39.5,1001.9,26.5,4.5,21.7,5.9,8.5
1117,2021-05-13,1449,22.9,16.6,29.6,,1.9,54.4,1001.1,27.3,0,24.6,5.3,7.6
1118,2021-05-14,1477,24.1,18,30.8,,1.7,60.3,1000.7,24.4,7.1,25.2,5.2,7.4
1119,2021-05-15,1496,22.1,20.8,26.2,15,1.7,79.5,996.4,9.4,9.8,22.9,1.6,2.3
1120,2021-05-16,1094,18.4,14.8,20.8,66.9,2.5,97.6,991.1,3.1,10,19.6,0.7,1
1121,2021-05-17,1021,15.3,14.2,16.7,3.1,1.6,93,997,5.2,9,17.4,0.9,1.3
1122,2021-05-18,1052,17.9,13.6,24.5,,1.7,70.5,1000.5,24.1,4.4,20.2,4.4,6.3
1123,2021-05-19,1369,19.9,12.4,26.6,,1.8,52.3,1001.8,29.9,2.6,22.3,5.8,8.3
1124,2021-05-20,1725,18.7,15.6,22.9,0.9,2.5,59.8,995.2,6.8,9.9,17.9,2.2,3.2
1125,2021-05-21,1423,16,14.2,18.2,6.9,1.7,86.5,995.9,7.4,9.5,17.4,1.5,2.2
1126,2021-05-22,1341,18.6,13.8,23.8,0.2,2.5,69.3,1000.8,28.7,1.5,21.8,5.2,7.4
1127,2021-05-23,1942,19.5,14.3,25.1,,1.7,64.4,1000.8,19.3,6.9,21,3.7,5.3
1128,2021-05-24,2248,19.4,16.4,24.5,,2.7,61,997.9,26.9,3.3,22.8,5.2,7.5
1129,2021-05-25,1949,15.3,11.9,19.3,8.3,3.2,72.3,997,19.3,5.3,17.9,3.5,5
1130,2021-05-26,1692,18,11.5,23,0,2.9,58.5,997.4,18,7.6,18.8,4.1,5.8
1131,2021-05-27,2532,15.8,13.9,18.7,8.9,2.8,83,991.6,5.1,6.5,16.4,1,1.4
1132,2021-05-28,1939,15.3,12.4,19.7,12.3,2.6,86,990.6,11.3,8.6,17.4,2.3,3.3
1133,2021-05-29,2337,15.4,12.8,19.1,0.3,2.2,79.8,996.7,10.5,5.1,18.1,1.8,2.6
1134,2021-05-30,1883,18.4,10.8,26.3,18.1,2.1,73,998.9,29.5,3.9,21.9,4.7,6.7
1135,2021-05-31,2586,19.9,16.5,23.8,4,1.8,78.9,1001.1,12.5,7.4,21.1,2.5,3.5
1136,2021-06-01,3068,20.2,15.9,23.9,3.2,2.2,74.6,1003.9,13,8.1,21.1,2.7,3.9
1137,2021-06-02,2988,23.2,16.6,29.7,,2.1,64.4,1002.6,26.8,3.4,25,5.4,7.7
1138,2021-06-03,3264,19.1,14.6,22.7,18.1,1.8,80.8,994.3,5.1,9.6,20.4,1.3,1.8
1139,2021-06-04,1898,18.5,13.3,23.6,,2.9,69.4,991.7,29,2.6,22.7,5.5,7.8
1140,2021-06-05,2862,20.8,17,25.7,,3.3,68.1,991,23.1,3,22.2,4.8,6.9
1141,2021-06-06,3018,23,18.4,28.2,,2.2,69.6,996.7,23.5,3.8,25,4.7,6.8
1142,2021-06-07,3282,21.1,19.4,24,0,1.7,71.5,1003.8,7,7.8,21.1,1.8,2.6
1143,2021-06-08,3151,23.6,18.8,29.5,0.1,1.7,69.6,1005.1,21.3,5.4,25.4,4.1,5.8
1144,2021-06-09,3653,25.8,19.5,31.6,,1.6,59.1,1004.6,24.8,3.4,26.5,5.1,7.3
1145,2021-06-10,3977,24.9,20.5,29.8,6.1,2.2,68.5,1000.8,14.1,8.5,25.5,3.3,4.7
1146,2021-06-11,3280,21.5,19.9,24.4,4.6,2.8,84.5,1000.1,10.1,6.4,23.8,2.1,2.9
1147,2021-06-12,3544,24.2,18.2,30.2,,1.8,74.6,1001.7,26.9,5,27.3,5.2,7.4
1148,2021-06-13,3550,24.8,20.9,29.7,,2,72.6,998.4,26.5,3.5,27.9,5.2,7.4
1149,2021-06-14,3108,24.8,18.9,30.2,,2.1,68.8,995.7,22.3,6.8,27.8,4.1,5.9
1150,2021-06-15,2896,22.5,21.5,25.3,1.9,2.3,79.1,994.5,7.6,7,23.3,2.5,3.5
1151,2021-06-16,2812,24.3,20.3,28.9,,3.6,59.9,995.5,27.3,2.5,27.3,5.9,8.4
1152,2021-06-17,2473,21.9,19.6,25,0,2.4,71.4,995.8,9.6,9.4,23.4,2,2.9
1153,2021-06-18,2080,20,19,21.4,6.3,2.5,92.1,991.5,4.5,9.8,21.6,1.1,1.6
1154,2021-06-19,2317,22.3,17.5,27.4,,1.8,74,991.4,26.5,4.1,26.1,5,7.1
1155,2021-06-20,2673,22.9,17.6,29,,2.8,73.3,990.9,25.9,3.1,26.9,4.9,7
1156,2021-06-21,2605,23.6,19.2,28.5,,2.2,67,994.5,25.7,3.3,28.1,5.3,7.6
1157,2021-06-22,2982,22.8,19.7,28.6,0,2.1,67.9,998.3,20.2,6.8,25.8,4.1,5.8
1158,2021-06-23,2683,22.4,18.8,27.9,7.5,2.4,70.5,1000.4,19.5,4.4,26.9,3.8,5.4
1159,2021-06-24,2624,23,18.5,28,,1.9,71.1,1001.2,17.8,3,25.2,3.4,4.9
1160,2021-06-25,3341,24.1,19.5,29.5,,2,69,1000.7,24.7,4,28,4.6,6.6
1161,2021-06-26,3241,22.8,19.9,26.7,4.5,1.8,78.5,1000.5,14.2,7.3,25,3.1,4.4
1162,2021-06-27,3036,24.5,19.8,30.8,38.2,2,72.1,997.3,22.5,5.4,27.8,4.3,6.1
1163,2021-06-28,2906,23.7,21,29.2,0.1,1.9,76.4,995.4,13.5,8.1,25,3,4.3
1164,2021-06-29,262,23.9,21.3,28.4,8,1.8,78.6,995.6,14.1,6.5,26.4,2.4,3.5
1165,2021-06-30,,24.3,21,28.8,6,1.3,77.9,997.1,16.2,6.1,26.3,3.4,4.8
1166,2021-07-01,,26.3,21.4,31,,1.8,70.9,996.8,20.6,2.3,27.4,4,5.7
1167,2021-07-02,,27.1,23.6,31.8,,2.3,64.1,998.7,22.2,5.8,27.2,5.2,7.4
1168,2021-07-03,,22.6,19.6,25.7,60,3.6,80,996.3,7.5,8.5,23.5,1.6,2.3
1169,2021-07-04,,21.4,19.8,23.1,21.4,2.3,96.8,994.4,2.7,9.9,22.2,0.8,1.2
1170,2021-07-05,,23.3,20.1,26.9,,1.4,80.3,999.8,12.6,8.9,24.6,2.5,3.6
1171,2021-07-06,,25.3,21,30.1,,1.6,73.4,997.2,19.2,7,26.8,3.7,5.3
1172,2021-07-07,,26.4,23.9,29.1,12.7,1.5,78.5,997.1,11.8,9.4,26.6,2.3,3.2
1173,2021-07-08,,26,23.8,29.8,2.9,2,81.6,995.2,14.1,7.1,27,2.9,4.1
1174,2021-07-09,,25.5,23.6,29.2,0,1.9,77.3,995.5,14.5,6.5,27,2.9,4.1
1175,2021-07-10,,25.9,23.1,29.2,0.5,2.4,80.4,997.5,17.4,7.4,26.9,3.5,5
1176,2021-07-11,,25.7,24.1,27.5,0.4,2.2,86.8,999.9,7.5,7.8,26.3,1.8,2.5
1177,2021-07-12,-,28.1,23.8,32.5,,1.6,75.1,1000,19.1,6.6,29,3.7,5.4
1178,2021-07-13,-,28.8,26.3,31.5,,1.7,76.1,999.8,11.6,6.8,28.5,2.8,4
1179,2021-07-14,780,29.7,26.1,33.5,,2.2,71.4,1002.1,22.5,7,30.6,4.8,6.8
1180,2021-07-15,2025,29.1,25.9,34.5,0,2.1,71.1,1004.5,22.8,5.1,31.8,4.8,6.9
1181,2021-07-16,2390,28.8,24.2,35.2,,2.2,68.4,1004.3,26.8,3.5,32.5,5.8,8.3
1182,2021-07-17,3614,29.1,24.7,32.8,0,2.3,63.1,1002.1,22.6,4.8,32.4,5.1,7.4
1183,2021-07-18,3580,29.6,25.7,34.1,,2.1,62.5,1001.4,23.4,5.6,33.1,5.1,7.3
1184,2021-07-19,3635,26.4,24,30.5,67.4,1.9,80.1,1003.4,10.1,6.9,28,2.1,3.1
1185,2021-07-20,3147,27.9,23.6,31.8,0,1.5,75.8,1004.4,14.6,7.6,28.9,3.2,4.5
1186,2021-07-21,3322,30.5,25.3,35.3,,1.7,64,1002.9,24.1,3.5,30.5,5.3,7.5
1187,2021-07-22,3194,31.2,26.5,35.9,,2,59.8,1000.9,27.7,4,31.4,6.2,8.9
1188,2021-07-23,3052,31.2,27.2,35.8,,1.8,61.8,999.3,26.9,2.3,32.2,6,8.6
1189,2021-07-24,3146,31.7,26.9,36.5,,1.7,57.4,998.2,27.8,3,32.6,6.3,9
1190,2021-07-25,3274,31.5,27.2,35.9,,2,55.8,996.5,27.6,4.9,34.2,6.5,9.3
1191,2021-07-26,2952,31.2,27.4,35.4,,2.4,54.9,994.6,29.3,1.6,35.3,7,9.9
1192,2021-07-27,2628,31.1,27.8,35.7,,2.1,60.5,992.9,17.2,3.9,33.3,4.3,6.1
1193,2021-07-28,2982,30.4,27.1,34.7,0,1.9,67.4,992.5,16.4,3.8,33.5,3.5,5
1194,2021-07-29,2927,29.6,27,33.3,,2,69.9,991.9,14.9,6.8,31.3,3.7,5.3
1195,2021-07-30,2925,30.5,25.8,35.4,,2.1,63.1,990.5,21.9,6.5,33.5,5,7.2
1196,2021-07-31,2289,29.8,26.8,34.3,3,2.5,69.9,990.6,21.2,6.9,31.6,4.6,6.5
1197,2021-08-01,2971,27.1,25.1,28.8,21,1.3,81.8,991,6.6,9.8,28.3,1.3,1.9
1198,2021-08-02,2676,26.5,25,28.6,1.7,1.6,82.6,993.6,8.4,9,27.8,2,2.9
1199,2021-08-03,2403,28,24.1,31.4,0,1.8,76.9,997.7,13.3,6.1,29,2.8,4
1200,2021-08-04,2447,28.9,26.3,33.2,,2,70.6,998.8,19.6,5.9,29.9,4.4,6.4
1201,2021-08-05,2468,29.4,25.6,33.7,,2.1,68.1,996.4,20.5,4.6,30.7,4.5,6.4
1202,2021-08-06,2547,28.1,26,32.2,,2.1,68.4,994,18.1,7.4,33.8,4,5.7
1203,2021-08-07,2384,28,23.4,32.3,,2.1,65,993.5,23.5,3.3,35.3,4.8,6.8
1204,2021-08-08,2771,26.8,24.4,32.1,12.7,1.7,74.8,993.4,11.9,8.1,28.9,2.9,4.2
1205,2021-08-09,2740,28.3,23.3,33.6,,2.3,62.4,993.6,24.7,5.6,31.7,5.8,8.4
1206,2021-08-10,2630,27.7,24.3,32.2,,2.3,62.5,997.5,20.1,4.5,31.1,4.1,5.9
1207,2021-08-11,2919,27.4,24.1,31.6,0,2,70.3,1000.1,16.6,5.8,31.5,3.8,5.5
1208,2021-08-12,3015,26.8,24,31.7,0,1.8,67.1,999.6,14.8,5.9,29.6,3.3,4.7
1209,2021-08-13,2435,26.6,23.4,30.1,,2,70.4,996.7,12,8,28.8,2.9,4.1
1210,2021-08-14,2645,26.1,23.4,30.5,,3,63.9,998.3,15.6,6.5,29.6,4.3,6.1
1211,2021-08-15,2521,26.9,21.7,32.4,,2.3,59.6,1003.6,23.3,1.8,30.6,5.3,7.6
1212,2021-08-16,2460,27.3,22.5,32.8,0,2.3,61.1,1004,23.2,3.8,33.6,5.2,7.4
1213,2021-08-17,2337,25.9,21.9,31.3,9.3,2.4,65,1000.2,17.5,5.5,30.6,3.7,5.3
1214,2021-08-18,2410,24.3,20.6,31,5.6,2.8,69.6,1000.4,17.9,5.3,25.1,4.5,6.4
1215,2021-08-19,2728,26,21,31.5,,2.6,57.1,1001.6,21,4,29.1,4.9,7
1216,2021-08-20,3201,26.6,22.6,30.7,0,2.3,63.6,1001.4,17.2,6.9,28.9,3.7,5.3
1217,2021-08-21,3218,23.8,21,25.5,62.8,2.7,88.1,993.1,6.3,8.8,25.7,1.3,1.9
1218,2021-08-22,2982,24.4,22.4,27,0,2.1,81.5,998.3,8.6,8.6,24.7,1.9,2.7
1219,2021-08-23,3058,22.4,21,24,7.4,2,89.3,998.7,3.8,9.5,22.9,0.9,1.3
1220,2021-08-24,2622,23.4,21.1,26.4,10.5,2.9,93.6,989.8,4.6,10,24,1,1.4
1221,2021-08-25,3006,25,23.5,27.3,0.3,1.8,85.5,996.4,9,8.4,26.7,1.9,2.7
1222,2021-08-26,2829,25.5,22.9,27.9,0.7,2.5,84.9,1001.8,8.1,8.1,25.9,1.7,2.5
1223,2021-08-27,3349,22.4,20.4,25.5,0.9,1.3,83.5,1003.2,3,9.1,23.1,0.9,1.3
1224,2021-08-28,2349,23.6,19.7,28.2,,1.8,80.4,1004.2,15.4,8.4,25.1,2.9,4.1
1225,2021-08-29,3179,23.7,21.9,26.3,0.9,1.6,82.6,1004,9.6,8.6,24.3,1.9,2.7
1226,2021-08-30,3546,24.2,21.2,27.7,0,1.4,77.5,1005.9,12.5,8.3,25.3,2.4,3.4
1227,2021-08-31,3821,20.5,18.1,23.1,77.4,2.3,93.3,1004.6,2.4,9.9,21.2,0.7,1
1228,2021-09-01,2466,21.4,18.5,23.9,0.8,2.9,83.1,999.7,7.2,9.3,22.4,1.9,2.7
1229,2021-09-02,3117,23.5,20.7,26.7,,2.1,70.3,999.9,13.2,8.3,24.4,3,4.3
1230,2021-09-03,3314,24.3,20.6,29.2,,2.4,60.3,999.8,24.6,1.9,26.7,5.3,7.6
1231,2021-09-04,3288,23.2,18.5,28.6,,2.7,57,1005.3,20.6,4.4,25.7,4.7,6.8
1232,2021-09-05,2693,23.1,19.4,27.3,,3.2,61.1,1008.4,15.8,5.8,23.8,4,5.7
1233,2021-09-06,2721,22.3,18,26.4,12,3.2,70.1,1006.1,12,8.9,23.2,2.6,3.7
1234,2021-09-07,2054,19.6,17.6,20.9,29.6,2.3,98.1,997.9,1.8,10,20.4,0.6,0.8
1235,2021-09-08,1892,22.2,19,26.9,1.6,1.7,81.3,1000.5,18.2,4.5,23.7,3.3,4.8
1236,2021-09-09,2807,23.5,19.1,29.1,,1.5,76.5,1003.6,18.9,6.5,25.5,3.3,4.7
1237,2021-09-10,2968,23.6,19.5,28.9,,1.9,76,1003.2,17,3.9,25.6,3.5,4.9
1238,2021-09-11,3221,24,19.9,29.4,,1.7,73.1,1002.7,19.5,2,25.8,4,5.7
1239,2021-09-12,3247,24.2,19.2,29.8,,1.8,64.6,1003.2,22.2,1.9,26.4,4.8,6.8
1240,2021-09-13,3258,24.8,20.8,30.3,,2.4,67.1,1006.4,17.6,6.9,26.9,3.9,5.5
1241,2021-09-14,3268,24.6,20,29.5,,2.6,63.3,1005.4,21.9,2.4,27.8,5.4,7.7
1242,2021-09-15,3453,23.6,19.5,28.9,,3.6,57.5,1006.2,22.6,0.6,27,5.4,7.8
1243,2021-09-16,3165,22.9,18,27.3,,2.6,61.1,1002.8,20.2,5.1,26.6,4.1,5.8
1244,2021-09-17,3197,23.5,20.5,28.2,,3,61.4,999.7,18.1,3.8,27.6,4.5,6.5
1245,2021-09-18,3422,23.9,18.9,29.8,,1.6,65.1,1004.4,19.8,2.3,29.4,4,5.7
1246,2021-09-19,3471,23.7,20.8,27.8,,1.9,62.9,1005.6,14,6.3,26.8,3.2,4.6
1247,2021-09-20,3974,23.7,19,28.4,,2.7,63.6,1000.8,19.9,5.9,29,4.1,5.9
1248,2021-09-21,3267,22,17.4,26.2,68.1,2.9,85.1,995.1,11.8,8,23.9,2.5,3.6
1249,2021-09-22,2765,20.2,16.8,24.3,4.5,2.7,79,998.5,14.9,4.1,22,3.1,4.5
1250,2021-09-23,3152,20.9,16.9,25.9,,2.4,67.3,1006.6,18,3.4,22.7,3.6,5.2
1251,2021-09-24,3309,21.8,16.7,26.9,,2.2,67.5,1012.3,18.3,1.5,23.1,3.7,5.3
1252,2021-09-25,3292,21.2,18.7,23.1,,2.3,72.6,1013.1,7.2,8.6,21.1,1.9,2.7
1253,2021-09-26,3168,22.6,18.4,27.3,,2.3,63,1010.4,18.1,6.8,23.9,3.8,5.4
1254,2021-09-27,3397,21.6,18.7,25,0,2.4,66,1005.8,11.4,8.3,21.6,2.6,3.7
1255,2021-09-28,2780,21.5,19.6,24.4,1.3,2.2,75.1,1002.6,9.3,9.8,22.5,1.9,2.7
1256,2021-09-29,2681,20.2,17.8,21.4,13.1,1.7,93.5,997.9,2.9,7.6,21.1,0.7,1
1257,2021-09-30,1735,20.3,16,25.9,,1.5,83.9,999.2,17.2,2,22.2,3,4.3
1258,2021-10-01,2406,21.1,16.9,27.5,13.3,2.4,75.8,998.8,18.4,2.9,22.9,3.6,5.1
1259,2021-10-02,2483,20.7,16.4,26.6,,1.6,77.1,1003.6,16.9,4,23.2,3.2,4.5
1260,2021-10-03,2552,22.3,17.1,28.8,,1.9,69.5,1008.4,17.5,2,22.9,3.6,5.2
1261,2021-10-04,3055,22.9,19.2,25.6,3.6,2.9,81,1009.2,3,9.5,21.7,1.4,2
1262,2021-10-05,2476,23.6,21.7,26.5,0,3.3,82.4,1010.1,8.1,8.1,23.2,1.8,2.6
1263,2021-10-06,2673,18.8,17.9,21.7,6.4,2.8,91.5,1009.5,3.3,9,20.2,0.6,0.9
1264,2021-10-07,2698,19.4,17.9,21.9,4.6,1.9,85.5,1006.7,4.9,9.4,20.6,1.1,1.6
1265,2021-10-08,2906,18.8,17.5,20,3.5,1.7,91.3,1010.9,2.8,9.5,19.8,0.8,1.1
1266,2021-10-09,2317,20.9,18.5,24.1,0.4,2.3,83.5,1011.8,7.1,6.8,20.5,1.5,2.1
1267,2021-10-10,2580,19.9,14.9,24.3,14.2,2.2,89,1007.9,3.1,9.8,20.6,0.9,1.3
1268,2021-10-11,2368,15.2,12.6,17.8,0.3,2.2,78.6,1011.4,8.5,8.3,18,1.7,2.5
1269,2021-10-12,2341,17.9,15.8,21.3,,3.3,67.1,1014.8,11.6,6.9,18.2,2.8,4
1270,2021-10-13,2322,19.6,14.9,25.2,,2.4,66.6,1013.5,17.3,2.1,19.3,3.1,4.5
1271,2021-10-14,2309,19.7,17.4,23.9,,2,73.6,1009.2,12.9,5.8,20.9,2.6,3.7
1272,2021-10-15,2308,19,17,21.4,0,2.1,74.4,1008.2,7.2,9.6,20.1,2.1,3
1273,2021-10-16,2088,10.7,4.2,18.1,0,3.4,47.5,1013,8.8,6.1,13.8,2.6,3.7
1274,2021-10-17,1210,5.6,1.3,10.8,,2.9,37.4,1017.7,18.7,0,10.5,3.1,4.4
1275,2021-10-18,920,9.6,2.8,16.1,5.6,2,60.4,1012.9,12.1,6.6,11.7,2,2.8
1276,2021-10-19,351,10.9,7.1,15,4.4,2.4,72.8,1009.3,13.3,4,13.9,2.2,3.2
1277,2021-10-20,315,9.5,4.6,15.8,,1.7,64.9,1011,16.7,0.3,12.7,2.6,3.7
1278,2021-10-21,341,9.8,4.9,16.2,,1.7,64.1,1009.7,5.1,3.3,12.2,1.1,1.5
1279,2021-10-22,342,10.8,5.2,17.2,,1.8,58.4,1012.2,16.5,0.8,12.5,3,4.3
1280,2021-10-23,437,11.4,5.7,18.4,,1.6,57.3,1017.7,16.3,0.3,12.5,2.9,4.2
1281,2021-10-24,419,11.4,6,18.1,,1.7,63.1,1015.9,16,0.3,12.4,2.5,3.5
1282,2021-10-25,444,11.7,6.3,17.6,,1.9,64.5,1012.7,11.7,0.8,12.7,1.9,2.7
1283,2021-10-26,400,13,7.7,19,,1.7,74.5,1009.9,13.1,3.6,12.9,2.1,3
1284,2021-10-27,669,13.4,9.8,18.1,0,2.2,63.4,1009.2,14.7,2.5,13.9,2.9,4.1
1285,2021-10-28,691,12.7,7.1,20,,1.4,54.6,1013.1,15.6,0,12.7,3.1,4.4
1286,2021-10-29,765,14.6,10.5,20.6,,2,55.9,1014.5,14.2,4.6,13.9,2.7,3.9
1287,2021-10-30,829,13.8,11,18,,1.6,62.4,1013.5,6.4,6.1,12.9,1.3,1.9
1288,2021-10-31,745,14.1,9.2,20.3,0.7,1.6,73.3,1013.4,12.3,3.8,14,2.1,2.9
